event,bout_gold,fouler,foul_type,fight_paused,point_deduction,foul_idx,bout_key,bout_model,context,foul_type_guess,foul_resulted_in_deduction,referee_paused,round_mentioned,predicted_foul_type,fouler_model,match_foul_type,match_fouler,match_pause,match_deduction,match_all,foul_acc,fouler_acc,pause_acc,ded_acc,all_acc
UFC-covington-buckley-14-12-2024,Marcos vs Yanez,Marcos,eye poke,TRUE,FALSE,1,marcos vs yanez,Daniel Marcos (136) vs. Adrian Yanez (136),Marcos lands a simultaneous low blow and an eye poke all at once.,eye poke,FALSE,TRUE,Round 1,eye poke,Marcos,TRUE,TRUE,TRUE,TRUE,TRUE,1,1,1,1,1
UFC-covington-buckley-14-12-2024,Grant vs Taveras,Grant,groin strike,TRUE,FALSE,1,grant vs taveras,Davey Grant (136) vs. Ramon Taveras (136),"A low blow lands for Grant, so Taveras will take time to recover.",A low blow,FALSE,TRUE,Round 1,groin strike,Grant,TRUE,TRUE,TRUE,TRUE,TRUE,1,1,1,1,1
UFC-covington-buckley-14-12-2024,Horth vs Maverick,Horth,back of head strike,FALSE,FALSE,1,horth vs maverick,Jamey-Lyn Horth (126) vs. Miranda Maverick (126),Sherdog Scores Tyler Treese scores the round: 10-9 Maverick Tristen Critchfield scores the round: 10-9 Maverick Brian Knapp scores the round: 10-9 Maverick Round 2 Maverick complained of shots to the back of the head between rounds.,shots to the back of the head,FALSE,FALSE,Round 2,back of head strike,Horth,TRUE,TRUE,TRUE,TRUE,TRUE,1,1,1,1,1
UFC-covington-buckley-14-12-2024,Kape vs Silva,Silva,groin strike,TRUE,FALSE,1,kape vs silva,Manel Kape (125) vs. Bruno Silva (126),A low blow hits Kape.,A low blow,FALSE,TRUE,Round 1,groin strike,Silva,TRUE,TRUE,TRUE,TRUE,TRUE,1,1,1,1,1
UFC-covington-buckley-14-12-2024,Kape vs Silva,Silva,groin strike,FALSE,FALSE,2,kape vs silva,Manel Kape (125) vs. Bruno Silva (126),Kape gets kicked in the groin again.,kicked in the groin,FALSE,FALSE,Round 1,groin strike,Silva,TRUE,TRUE,TRUE,TRUE,TRUE,1,1,1,1,1
UFC-covington-buckley-14-12-2024,Kape vs Silva,Silva,groin strike,TRUE,TRUE,3,kape vs silva,Manel Kape (125) vs. Bruno Silva (126),Yet another low blow as Kape goes down.,low blow,TRUE,TRUE,Round 2,groin strike,Silva,TRUE,TRUE,TRUE,TRUE,TRUE,1,1,1,1,1
UFC-deridder-allen-18-10-2025,Bekoev vs Belgaroui,Belgaroui,fence grab,FALSE,FALSE,1,bekoev vs belgaroui,Azamat Bekoev (185) vs. Yousri Belgaroui (185.5),"Bekoev lunges out with a long left hand to attack for a takedown, and Belgaroui bowls him over and grabs the fence to maintain position.",grabs the fence,FALSE,FALSE,Round 2,fence grab,Belgaroui,TRUE,TRUE,TRUE,TRUE,TRUE,1,1,1,1,1
UFC-deridder-allen-18-10-2025,Bekoev vs Belgaroui,Belgaroui,fence grab,FALSE,FALSE,2,bekoev vs belgaroui,Azamat Bekoev (185) vs. Yousri Belgaroui (185.5),"Belgaroui pulls on the fence to get to his knee, and Bekoev remains pursuant of the single.",pulls on the fence,FALSE,FALSE,Round 1,fence grab,Belgaroui,TRUE,TRUE,TRUE,TRUE,TRUE,1,1,1,1,1
UFC-deridder-allen-18-10-2025,Barlow vs Santos,Barlow,groin strike,FALSE,FALSE,1,barlow vs santos,Danny Barlow (185.5) vs. Djorden Santos (185.5),"Barlow kicks him in the body, and the ricochet of his foot bangs into the cup, but Santos again ignores it.",ricochet of his foot bangs into the cup,FALSE,FALSE,Round 2,groin strike,Barlow,TRUE,TRUE,TRUE,TRUE,TRUE,1,1,1,1,1
UFC-deridder-allen-18-10-2025,Barlow vs Santos,Barlow,groin strike,FALSE,FALSE,2,barlow vs santos,Danny Barlow (185.5) vs. Djorden Santos (185.5),"Barlow steps in with a knee and the foot smacks the cup, and Santos waves off Cooper's intervention.",knee and the foot smacks the cup,FALSE,FALSE,Round 1,groin strike,Barlow,TRUE,TRUE,TRUE,TRUE,TRUE,1,1,1,1,1
UFC-deridder-allen-18-10-2025,Barlow vs Santos,Barlow,eye poke,TRUE,FALSE,3,barlow vs santos,Danny Barlow (185.5) vs. Djorden Santos (185.5),"Santos complains about an eye poke after Barlow's finger slides into the eye, and Cooper gives him time to recover.",eye poke,FALSE,TRUE,Round 2,eye poke,Barlow,TRUE,TRUE,TRUE,TRUE,TRUE,1,1,1,1,1
UFC-deridder-allen-18-10-2025,Park vs SIlva,Silva,eye poke,FALSE,FALSE,1,park vs silva,Hyun Sung Park (126) vs. Bruno Silva (125.5),"Silva pushes off and a finger scrapes the eye, and Park protests but the foul is not called.",eye poke,FALSE,FALSE,Round 1,eye poke,Silva,TRUE,TRUE,TRUE,TRUE,TRUE,1,1,1,1,1
UFC-deridder-allen-18-10-2025,Dober vs Prepolec,Dober,groin strike,FALSE,FALSE,1,dober vs prepolec,Drew Dober (155.5) vs. Kyle Prepolec (155.5),"Dober kicks the thigh, and the leg brushes up against the cup.",brushes up against the cup,FALSE,FALSE,Round 1,groin strike,Dober,TRUE,TRUE,TRUE,TRUE,TRUE,1,1,1,1,1
UFC-deridder-allen-18-10-2025,Dober vs Prepolec,Dober,groin strike,TRUE,TRUE,2,dober vs prepolec,Drew Dober (155.5) vs. Kyle Prepolec (155.5),"Dober unleashes a low kick with everything behind it, and it crashes directly into Prepolec's cup.",crashes directly into Prepolec's cup,TRUE,TRUE,Round 3,groin strike,Dober,TRUE,TRUE,TRUE,TRUE,TRUE,1,1,1,1,1
UFC-deridder-allen-18-10-2025,Vera vs Zahabi,Zahabi,fence grab,FALSE,FALSE,1,vera vs zahabi,Marlon Vera (136) vs. Aiemann Zahabi (135.5),"Zahabi bounces off the fence and rolls to grab the fence several times to pull himself upright, and Herzog appears to miss the fouls.",rolls to grab the fence,FALSE,FALSE,Round 2,fence grab,Zahabi,TRUE,TRUE,TRUE,TRUE,TRUE,1,1,1,1,1
UFC-deridder-allen-18-10-2025,Holland vs Malott,Malott,groin strike,TRUE,FALSE,1,holland vs malott,Kevin Holland (170.5) vs. Mike Malott (171),"The welterweights scramble back to their feet, and clashing kicks leads to Malott inadvertently kicking Holland in the groin.",kicking Holland in the groin,FALSE,TRUE,Round 1,groin strike,Malott,TRUE,TRUE,TRUE,TRUE,TRUE,1,1,1,1,1
UFC-deridder-allen-18-10-2025,Holland vs Malott,Malott,groin strike,TRUE,FALSE,2,holland vs malott,Kevin Holland (170.5) vs. Mike Malott (171),"When they tie up, Malott drills him in the groin with a knee, and Holland is not so jovial about it as he collapses to his knees.",drills him in the groin,FALSE,TRUE,Round 1,groin strike,Malott,TRUE,TRUE,TRUE,TRUE,TRUE,1,1,1,1,1
UFC-deridder-allen-18-10-2025,Ridder vs Allen,Ridder,back of head strike,FALSE,FALSE,1,ridder vs allen,Reinier de Ridder (186) vs. Brendan Allen (186),"De Ridder flattens Allen out for a second and stars bludgeoning him with punches to the side and back of the head, and Herzog is telling him to knock it off but little more.",punches to the side and back of the head,FALSE,FALSE,Round 1,back of head strike,Ridder,TRUE,TRUE,TRUE,TRUE,TRUE,1,1,1,1,1
UFC-imavov-borralho-06-09-2025,Denis vs Ruffy,Denis,groin strike,TRUE,FALSE,1,denis vs ruffy,Benoit St. Denis (155) vs. Mauricio Ruffy (156),"Denis lands a knee to the groin, or so Ruffy claims to Dean repeatedly.",lands a knee to the groin,FALSE,TRUE,Round 1,groin strike,Denis,TRUE,TRUE,TRUE,TRUE,TRUE,1,1,1,1,1
UFC-imavov-borralho-06-09-2025,Imavov vs Borralho,Imavov,eye poke,TRUE,FALSE,1,imavov vs borralho,Nassourdine Imavov (185) vs. Caio Borralho (185),"Borralho slips and rings Imavov's bell with a right hand, and the French fighter responds by jabbing Borralho in the eye with his fingers while another goes in Borralho's nostril.",jabbing Borralho in the eye,FALSE,TRUE,Round 5,eye poke,Imavov,TRUE,TRUE,TRUE,TRUE,TRUE,1,1,1,1,1
UFC-imavov-borralho-06-09-2025,Imavov vs Borralho,Imavov,groin strike,FALSE,FALSE,2,imavov vs borralho,Nassourdine Imavov (185) vs. Caio Borralho (185),"During a kick exchange, Borralho takes one to the groin and walks it off.",takes one to the groin,FALSE,FALSE,Round 4,groin strike,Imavov,TRUE,TRUE,TRUE,TRUE,TRUE,1,1,1,1,1
UFC-imavov-borralho-06-09-2025,Imavov vs Borralho,Imavov,eye poke,TRUE,FALSE,3,imavov vs borralho,Nassourdine Imavov (185) vs. Caio Borralho (185),Imavov pushes off and his finder slides into the eye socket and scrapes the other as Borralho turns his head.,slides into the eye,FALSE,TRUE,Round 3,eye poke,Imavov,TRUE,TRUE,TRUE,TRUE,TRUE,1,1,1,1,1
UFC-imavov-borralho-06-09-2025,Imavov vs Borralho,Borralho,groin strike,FALSE,FALSE,4,imavov vs borralho,Nassourdine Imavov (185) vs. Caio Borralho (185),"They come together, and in a clinch, Borralho knees his opponent in the groin.",knees his opponent in the groin,FALSE,FALSE,Round 3,groin strike,Borralho,TRUE,TRUE,TRUE,TRUE,TRUE,1,1,1,1,1
UFC-imavov-borralho-06-09-2025,Bryczek vs Tavares,Bryczek,back of head strike,FALSE,FALSE,1,bryczek vs tavares,Robert Bryczek (186) vs. Brad Tavares (186),"With Bryczek hammering away with hammerfists as some land directly on the back of the head, Bosacki steps in, and Tavares immediately protests the stoppage.His team is equally upset about what they feel was premature referee intervention, but as the referee is the sole arbiter of the bout, that's a wrap.",hammerfists as some land directly on the back of the head,FALSE,FALSE,Round 3,back of head strike,Bryczek,TRUE,TRUE,TRUE,TRUE,TRUE,1,1,1,1,1
UFC-imavov-borralho-06-09-2025,Gomis vs Ruchala,Gomis,eye poke,TRUE,FALSE,1,gomis vs ruchala,William Gomis (145) vs. Robert Ruchala (146),"Gomis returns fire, and he punches and opens his fist to extend his fingers in what looks like a blatantly intentional eye poke.",eye poke,FALSE,TRUE,Round 3,eye poke,Gomis,TRUE,TRUE,TRUE,TRUE,TRUE,1,1,1,1,1
UFC-lewis-teixeira-12-06-2025,Lewis vs Teixeira,Teixeira,fence grab,FALSE,FALSE,1,lewis vs teixeira,Derrick Lewis (261) vs. Tallison Teixeira (259),"""The Black Beast"" pounces, delivering a punishing barrage of ground-and-pound that knocks Teixeira's head around.Teixeira manages to stand up under fire, although he places every finger in the fence to pull on it as hard as he can to do so.",finger in the fence,FALSE,FALSE,Round 1,fence grab,Teixeira,TRUE,TRUE,TRUE,TRUE,TRUE,1,1,1,1,1
UFC-lewis-teixeira-12-06-2025,Tafa vs Tokkos,Tokkos,eye poke,FALSE,FALSE,1,tafa vs tokkos,Junior Tafa (206) vs. George Tokkos (206),"Tafa shifts to his back again, and Tokkos considers an arm-triangle choke and is admonished for eye gouging when he puts his fingers on Tafa's face.",eye gouging,FALSE,FALSE,Round 2,eye poke,Tokkos,TRUE,TRUE,TRUE,TRUE,TRUE,1,1,1,1,1
UFC-lewis-teixeira-12-06-2025,Tafa vs Tokkos,Tafa,back of head strike,FALSE,FALSE,2,tafa vs tokkos,Junior Tafa (206) vs. George Tokkos (206),"The Kiwi hacks down the back of the head a few times, grabs the fence and is still dragged to his seat courtesy of the Tokkos single.",hacks down the back of the head,FALSE,FALSE,Round 1,back of head strike,Tafa,TRUE,TRUE,TRUE,TRUE,TRUE,1,1,1,1,1
UFC-lewis-teixeira-12-06-2025,Tafa vs Tokkos,Tokkos,back of head strike,FALSE,FALSE,3,tafa vs tokkos,Junior Tafa (206) vs. George Tokkos (206),"Tokkos postures up to drive down punches, getting warned for back of the head shots as well.","punches, getting warned for back of the head",FALSE,FALSE,Round 1,back of head strike,Tokkos,TRUE,TRUE,TRUE,TRUE,TRUE,1,1,1,1,1
UFC-lewis-teixeira-12-06-2025,Griffin vs Curtis,Griffin,headbutt,FALSE,FALSE,1,griffin vs curtis,Max Griffin (170.25) vs. Chris Curtis (170.5),"Curtis steps in to attack, and he complains to Brown that he was headbutted.",headbutt,FALSE,FALSE,Round 1,headbutt,Griffin,TRUE,TRUE,TRUE,TRUE,TRUE,1,1,1,1,1
UFC-lewis-teixeira-12-06-2025,Griffin vs Curtis,Griffin,headbutt,FALSE,FALSE,2,griffin vs curtis,Max Griffin (170.25) vs. Chris Curtis (170.5),"Griffin kicks Curtis in the face, and Curtis completely ignores it but tells Brown that Griffin headbutted him again.",headbutt,FALSE,FALSE,Round 2,headbutt,Griffin,TRUE,TRUE,TRUE,TRUE,TRUE,1,1,1,1,1
UFC-lewis-teixeira-12-06-2025,Griffin vs Curtis,Griffin,groin strike,TRUE,FALSE,3,griffin vs curtis,Max Griffin (170.25) vs. Chris Curtis (170.5),"Griffin launches a low kick, clacking square into Curtis' cup loudly.","kick, clacking square into Curtis' cup",FALSE,TRUE,Round 1,groin strike,Griffin,TRUE,TRUE,TRUE,TRUE,TRUE,1,1,1,1,1
UFC-lewis-teixeira-12-06-2025,Ramirez vs Davis,Davis,back of head strike,FALSE,FALSE,1,ramirez vs davis,Mitch Ramirez (156) vs. Mike Davis (155.25),"Ramirez sits up, and Davis clubs him in the back of the head and neck illegally.",clubs him in the back of the head,FALSE,FALSE,Round 1,back of head strike,Davis,TRUE,TRUE,TRUE,TRUE,TRUE,1,1,1,1,1
UFC-lewis-teixeira-12-06-2025,Landwehr vs Charriere,Charriere,groin strike,FALSE,FALSE,1,landwehr vs charriere,Nate Landwehr (146) vs. Morgan Charriere (146),"Charriere commits to a low kick, and his front kick bumps into the cup.","kick, and his front kick bumps into the cup",FALSE,FALSE,Round 2,groin strike,Charriere,TRUE,TRUE,TRUE,TRUE,TRUE,1,1,1,1,1
UFC-tsarukyan-hooker-22-11-2025,Tsarukyan vs Hooker,Hooker,fence grab,FALSE,FALSE,1,tsarukyan vs hooker,Arman Tsarukyan (156) vs. Dan Hooker (155.5),"Hooker's long legs push off and eventually his toes pull on the fence to help him improve his positionâillegally, of courseâbut Tsarukyan is in full smother mode.",toes pull on the fence,FALSE,FALSE,Round 1,fence grab,Hooker,TRUE,TRUE,TRUE,TRUE,TRUE,1,1,1,1,1
UFC-tsarukyan-hooker-22-11-2025,Almabayev vs Perez,Perez,back of head strike,FALSE,FALSE,2,almabayev vs perez,Asu Almabayev (125.5) vs. Alex Perez (126),"Movahedi warns him to not smack the Kazakh in the back of the head, and Almabayev spins Perez around but cannot put him down to the floor.",smack the Kazakh in the back of the head,FALSE,FALSE,Round 1,back of head strike,Perez,TRUE,TRUE,TRUE,TRUE,TRUE,1,1,1,1,1
UFC-tsarukyan-hooker-22-11-2025,Almabayev vs Perez,Perez,back of head strike,FALSE,FALSE,3,almabayev vs perez,Asu Almabayev (125.5) vs. Alex Perez (126),"Perez elbows him in the back of the head a few times, and remains elbowing and not settling until the horn blares.",elbows him in the back of the head,FALSE,FALSE,Round 1,back of head strike,Perez,TRUE,TRUE,TRUE,TRUE,TRUE,1,1,1,1,1
UFC-tsarukyan-hooker-22-11-2025,Almabayev vs Perez,Almabayev,back of head strike,FALSE,FALSE,1,almabayev vs perez,Asu Almabayev (125.5) vs. Alex Perez (126),"Almabayev elbows him off his back, and several of them bang into the back of Perez' head, drawing a warning.","elbows him off his back, and several of them bang into the back of Perez' head",FALSE,FALSE,Round 2,back of head strike,Almabayev,TRUE,TRUE,TRUE,TRUE,TRUE,1,1,1,1,1
UFC-tsarukyan-hooker-22-11-2025,Almakhan vs Topuria,Almakhan,back of head strike,FALSE,FALSE,1,almakhan vs topuria,Bekzat Almakhan (136) vs. Aleksandre Topuria (135.5),"Almakhan's strikes off his back include a few to the back of the head, and Topuria elbows his way into full mount.",strikes off his back include a few to the back of the head,FALSE,FALSE,Round 1,back of head strike,Almakhan,TRUE,TRUE,TRUE,TRUE,TRUE,1,1,1,1,1
UFC-tsarukyan-hooker-22-11-2025,Almakhan vs Topuria,Topuria,eye poke,FALSE,FALSE,2,almakhan vs topuria,Bekzat Almakhan (136) vs. Aleksandre Topuria (135.5),"He swats out a left hand that appears to swipe Almakhan in the eye, and he apologizes with the foul going uncalled.",swats out a left hand that appears to swipe Almakhan in the eye,FALSE,FALSE,Round 2,eye poke,Topuria,TRUE,TRUE,TRUE,TRUE,TRUE,1,1,1,1,1
UFC-tsarukyan-hooker-22-11-2025,Grad vs Riley,Riley,fence grab,FALSE,FALSE,1,grad vs riley,Bogdan Grad (145.5) vs. Luke Riley (145.5),"Riley grabs the fence to stay on his feet, and Grad pulls him away from it to ground him in the open cage away from the wall.",grabs the fence,FALSE,FALSE,Round 1,fence grab,Riley,TRUE,TRUE,TRUE,TRUE,TRUE,1,1,1,1,1
UFC-tsarukyan-hooker-22-11-2025,Garry vs Muhammad,Garry,eye poke,TRUE,FALSE,1,garry vs muhammad,Ian Garry (170) vs. Belal Muhammad (171),"Garry gets away with a slight eye scrape, and after a combination, he pushes off and jams his finger into Muhammad's right eye socket.",eye scrape,FALSE,TRUE,Round 1,eye poke,Garry,TRUE,TRUE,TRUE,TRUE,TRUE,1,1,1,1,1
UFC-tsarukyan-hooker-22-11-2025,Garry vs Muhammad,Garry,eye poke,TRUE,FALSE,2,garry vs muhammad,Ian Garry (170) vs. Belal Muhammad (171),"Garry pushes out with both hands, fingers outstretched, and he pokes Muhammad in the eye with at least his left.","fingers outstretched, and he pokes Muhammad in the eye",FALSE,TRUE,Round 2,eye poke,Garry,TRUE,TRUE,TRUE,TRUE,TRUE,1,1,1,1,1
UFC-tsarukyan-hooker-22-11-2025,Dalby vs Izagakhmaev,Dalby,fence grab,FALSE,FALSE,1,dalby vs izagakhmaev,Nicolas Dalby (170.5) vs. Saygid Izagakhmaev (170),"Dalby grabs the fence to pull himself up to his seat, and he works his way to his feet methodically without taking any noteworthy damage.",grabs the fence,FALSE,FALSE,Round 2,fence grab,Dalby,TRUE,TRUE,TRUE,TRUE,TRUE,1,1,1,1,1
UFC-tsarukyan-hooker-22-11-2025,Aliev vs Rock,Aliev,groin strike,FALSE,FALSE,1,aliev vs rock,Nurullo Aliev (155) vs. Shaqueme Rock (156),"The two end up clinched, and Aliev's spammed knees to the thigh include one that smacks straight into the cup.",smacks straight into the cup,FALSE,FALSE,Round 3,groin strike,Aliev,TRUE,TRUE,TRUE,TRUE,TRUE,1,1,1,1,1
UFC320-ankalaev-pereira-04-10-2025,Santos vs Yoo,Santos,headbutt,FALSE,FALSE,1,santos vs yoo,Daniel Santos (151) vs. Joo Sang Yoo (152.5),"Santos headbutts Yoo in the chest a couple times, and Dean tells him he has to stop doing that.",headbutt,FALSE,FALSE,Round 1,headbutt,Santos,TRUE,TRUE,TRUE,TRUE,TRUE,1,1,1,1,1
UFC320-ankalaev-pereira-04-10-2025,Basharat vs Gutierrez,Basharat,groin strike,FALSE,FALSE,1,basharat vs gutierrez,Farid Basharat (136) vs. Chris Gutierrez (136),"Basharat tries to keep him at bay with a push kick, and he takes a left hand and fires off a body kick that glances the cup.",kick that glances the cup,FALSE,FALSE,Round 3,groin strike,Basharat,TRUE,TRUE,TRUE,TRUE,TRUE,1,1,1,1,1
UFC320-ankalaev-pereira-04-10-2025,Prochazka vs Rountree,Prochazka,groin strike,FALSE,FALSE,1,prochazka vs rountree,Jiri Prochazka (206) vs. Khalil Rountree (205),"Prochazka swings a low kick that bangs into the cup, and Rountree ignores it to hurl a left hand that misses the mark.",kick that bangs into the cup,FALSE,FALSE,Round 1,groin strike,Prochazka,TRUE,TRUE,TRUE,TRUE,TRUE,1,1,1,1,1
UFC320-ankalaev-pereira-04-10-2025,Chiasson vs Santos,Chiasson,back of head strike,FALSE,FALSE,1,chiasson vs santos,Macy Chiasson (137.5: Missed Weight) vs. Yana Santos (135),"Tognoni warns the American for striking the back of the head, so she stops hitting and isolates a rear-naked choke.",back of the head,FALSE,FALSE,Round 3,back of head strike,Chiasson,TRUE,TRUE,TRUE,TRUE,TRUE,1,1,1,1,1
UFC320-ankalaev-pereira-04-10-2025,Dvalishvili vs Sandhagen,Sandhagen,fence grab,FALSE,FALSE,1,dvalishvili vs sandhagen,"UFC Bantamweight Title Fight:
Merab Dvalishvili (135) vs. Cory Sandhagen (134.5)","Sandhagen's toes are hooked in the fence, to which Goddard warns him to stop doing, and they both fight back to their feet with two minutes to spare.",toes are hooked in the fence,FALSE,FALSE,Round 5,fence grab,Sandhagen,TRUE,TRUE,TRUE,TRUE,TRUE,1,1,1,1,1
UFC321-aspinall-gane-25-10-2025,Maksum vs Raposo,Maksum,fence grab,FALSE,FALSE,1,maksum vs raposo,Azat Maksum (129: Missed Weight) vs. Mitch Raposo (125.5),"Raposo pushes Maksum to the ground, and Maksum blatantly grabs the fence to reverse his position and stop a takedown from materializing.",grabs the fence,FALSE,FALSE,Round 3,fence grab,Maksum,TRUE,TRUE,TRUE,TRUE,TRUE,1,1,1,1,1
UFC321-aspinall-gane-25-10-2025,Abdelwahab vs Barnett,Barnett,fence grab,FALSE,FALSE,1,abdelwahab vs barnett,Hamdy Abdelwahab (265) vs. Chris Barnett (261),"Abdelwahab's right hands are growing softer but they are still adding up, with Goddard watching on but not calling for anything other than for Abdelwahab to be careful and for Barnett to not grab the chain links.",grab the chain links,FALSE,FALSE,Round 2,fence grab,Barnett,TRUE,TRUE,TRUE,TRUE,TRUE,1,1,1,1,1
UFC321-aspinall-gane-25-10-2025,Abdelwahab vs Barnett,Abdelwahab,back of head strike,TRUE,TRUE,2,abdelwahab vs barnett,Hamdy Abdelwahab (265) vs. Chris Barnett (261),"Barnett is flattened out on his stomach, and Abdelwahab smashes him in the back of the head with an elbow.",back of the head,TRUE,TRUE,Round 1,back of head strike,Abdelwahab,TRUE,TRUE,TRUE,TRUE,TRUE,1,1,1,1,1
UFC321-aspinall-gane-25-10-2025,Aliskerov vs Park,Park,fence grab,FALSE,FALSE,1,aliskerov vs park,Ikram Aliskerov (185.5) vs. Jun Yong Park (185.5),"Aliskerov allows Park to turn so he can smack him upside the head on either side, and Park is warned for tugging on the chain links to get free.",tugging on the chain links,FALSE,FALSE,Round 3,fence grab,Park,TRUE,TRUE,TRUE,TRUE,TRUE,1,1,1,1,1
UFC321-aspinall-gane-25-10-2025,Aliskerov vs Park,Aliskerov,fence grab,FALSE,FALSE,2,aliskerov vs park,Ikram Aliskerov (185.5) vs. Jun Yong Park (185.5),"Aliskerov controls Park by clinging to Park's left ankle with his right hand, and he is warned for grabbing the fence with his free hand.",grabbing the fence,FALSE,FALSE,Round 2,fence grab,Aliskerov,TRUE,TRUE,TRUE,TRUE,TRUE,1,1,1,1,1
UFC321-aspinall-gane-25-10-2025,Aliskerov vs Park,Aliskerov,groin strike,TRUE,FALSE,3,aliskerov vs park,Ikram Aliskerov (185.5) vs. Jun Yong Park (185.5),"Aliskerov kicks the inner thigh, and his foot slides up and bangs into the cup.",bangs into the cup,FALSE,TRUE,Round 1,groin strike,Aliskerov,TRUE,TRUE,TRUE,TRUE,TRUE,1,1,1,1,1
UFC321-aspinall-gane-25-10-2025,Aliskerov vs Park,Aliskerov,eye poke,FALSE,FALSE,4,aliskerov vs park,Ikram Aliskerov (185.5) vs. Jun Yong Park (185.5),"Aliskerov walks him down and knees him in the stomach, pushing off the face as Park feels he was poked in the eyes.",poked in the eyes,FALSE,FALSE,Round 1,eye poke,Aliskerov,TRUE,TRUE,TRUE,TRUE,TRUE,1,1,1,1,1
UFC321-aspinall-gane-25-10-2025,Aliskerov vs Park,Aliskerov,groin strike,FALSE,FALSE,5,aliskerov vs park,Ikram Aliskerov (185.5) vs. Jun Yong Park (185.5),"Park wipes at his face and gets right back into the fray, and Aliskerov kicks him in the stomach as his heel scrapes down to bump into the groin cup.",scrapes down to bump into the groin cup,FALSE,FALSE,Round 2,groin strike,Aliskerov,TRUE,TRUE,TRUE,TRUE,TRUE,1,1,1,1,1
UFC321-aspinall-gane-25-10-2025,Almeida vs Volkov,Volkov,back of head strike,FALSE,FALSE,1,almeida vs volkov,Jailton Almeida (237) vs. Alexander Volkov (261.5),"Volkov slams the back of his elbow on the side of his foe's head, and Almeida turns away from it so the elbows start to smash in the back of the head.","elbow on the side of his foe's head, and Almeida turns away from it so the elbows start to smash in the back of the head",FALSE,FALSE,Round 1,back of head strike,Volkov,TRUE,TRUE,TRUE,TRUE,TRUE,1,1,1,1,1
UFC321-aspinall-gane-25-10-2025,Delgado vs Wood,Delgado,groin strike,TRUE,FALSE,1,delgado vs wood,Jose Delgado (147: Missed Weight) vs. Nathaniel Wood (146),"Delgado fires off another low kick, and it too strikes Wood's cup for his second groin kick foul.","kick, and it too strikes Wood's cup",FALSE,TRUE,Round 2,groin strike,Delgado,TRUE,TRUE,TRUE,TRUE,TRUE,1,1,1,1,1
UFC321-aspinall-gane-25-10-2025,Delgado vs Wood,Delgado,groin strike,TRUE,FALSE,2,delgado vs wood,Jose Delgado (147: Missed Weight) vs. Nathaniel Wood (146),"One of Delgado's kicks inadvertently bumps into the cup of his opponent as he goes for an inside thigh, and Herzog sees it and gives him time to recover.",kicks inadvertently bumps into the cup,FALSE,TRUE,Round 1,groin strike,Delgado,TRUE,TRUE,TRUE,TRUE,TRUE,1,1,1,1,1
UFC321-aspinall-gane-25-10-2025,Aspinall vs Gane,Gane,eye poke,TRUE,FALSE,1,aspinall vs gane,Tom Aspinall (255) vs. Ciryl Gane (247.5),"They crash together with punches, and Gane's fingers push off and jam into both of Aspinall's eyes at once in a Three Stooges-esque disaster.",fingers push off and jam into both of Aspinall's eye,FALSE,TRUE,Round 1,eye poke,Gane,TRUE,TRUE,TRUE,TRUE,TRUE,1,1,1,1,1
UFC321-aspinall-gane-25-10-2025,Jandiroba vs Dern,Dern,illegal upkick,FALSE,FALSE,1,jandiroba vs dern,Virna Jandiroba (115) vs. Mackenzie Dern (115),"Dern boots Jandiroba with an illegal upkick, and Goddard warns her not to kick a grounded fighter.",illegal upkick,FALSE,FALSE,Round 3,illegal upkick,Dern,TRUE,TRUE,TRUE,TRUE,TRUE,1,1,1,1,1
UFC321-aspinall-gane-25-10-2025,Jandiroba vs Dern,Dern,back of head strike,FALSE,FALSE,2,jandiroba vs dern,Virna Jandiroba (115) vs. Mackenzie Dern (115),"Dern elbows on the side of her foe's head and lands one or two to the back of the head, drawing a brief warning.",elbows on the side of her foe's head and lands one or two to the back of the head,FALSE,FALSE,Round 2,back of head strike,Dern,TRUE,TRUE,TRUE,TRUE,TRUE,1,1,1,1,1
UFC322-dellamaddalena-makhachev-15-11-2025,McConico vs Susurkaev,McConico,groin strike,TRUE,FALSE,1,mcconico vs susurkaev,Eric McConico (185.6) vs. Baisangur Susurkaev (185.2),"Just when Susurkaev seems to be gaining momentum, McConico stops him in his tracks with a kick to the groin.",kick to the groin,FALSE,TRUE,Round 2,groin strike,McConico,TRUE,TRUE,TRUE,TRUE,TRUE,1,1,1,1,1
UFC322-dellamaddalena-makhachev-15-11-2025,Mariscal vs Sabatini,Mariscal,fence grab,FALSE,FALSE,1,mariscal vs sabatini,Jose Mariscal (145.6) vs. Pat Sabatini (145.6),Mariscal is warned to get his fingers out of the cage.,fingers out of the cage,FALSE,FALSE,Round 2,fence grab,Mariscal,TRUE,TRUE,TRUE,TRUE,TRUE,1,1,1,1,1
UFC322-dellamaddalena-makhachev-15-11-2025,Maddalena vs Makhachev,Maddalena,illegal upkick,FALSE,FALSE,1,maddalena vs makhachev,"UFC Welterweight Title Fight:
Jack Della Maddalena (169.8) vs. Islam Makhachev (170)","The round ends with Maddalena landing an illegal upkick on Makhachev, who had a knee down.",illegal upkick,FALSE,FALSE,Round 1,illegal upkick,Maddalena,TRUE,TRUE,TRUE,TRUE,TRUE,1,1,1,1,1
UFCvegas-105-emmett-murphy-05-04-2025,Lee vs Romious,Lee,groin strike,TRUE,FALSE,1,lee vs romious,Chang Ho Lee (136) vs. Cortavious Romious (139.5: Missed Weight),"Lee jumps at him, and his knee loudly bangs into the cup.",knee loudly bangs into the cup,FALSE,TRUE,Round 2,groin strike,Lee,TRUE,TRUE,TRUE,TRUE,TRUE,1,1,1,1,1
UFCvegas-105-emmett-murphy-05-04-2025,Lee vs Romious,Romious,fence grab,FALSE,FALSE,2,lee vs romious,Chang Ho Lee (136) vs. Cortavious Romious (139.5: Missed Weight),"Romious pulls his toes in the chain links to reposition himself, prompting Tognoni to tell him that he can't do that.",pulls his toes in the chain links,FALSE,FALSE,Round 2,fence grab,Romious,TRUE,TRUE,TRUE,TRUE,TRUE,1,1,1,1,1
UFCvegas-105-emmett-murphy-05-04-2025,Emmett vs Murphy,Emmett,eye poke,TRUE,FALSE,1,emmett vs murphy,Josh Emmett (146) vs. Lerone Murphy (145.5),"Murphy's low kicks irritate Emmett, and he pushes off and jams his fingers into Murphy's eye sockets.",eye poke,FALSE,TRUE,Round 3,eye poke,Emmett,TRUE,TRUE,TRUE,TRUE,TRUE,1,1,1,1,1
UFCvegas-105-emmett-murphy-05-04-2025,Emmett vs Murphy,Murphy,back of head strike,FALSE,FALSE,2,emmett vs murphy,Josh Emmett (146) vs. Lerone Murphy (145.5),"The Californian clasps his hands together and looks to lift Murphy off the ground, and Murphy elbows him on the crown of the headâan illegal strike, to be clearâand it starts bleeding instantly.",elbows him on the crown of the head,FALSE,FALSE,Round 4,back of head strike,Murphy,TRUE,TRUE,TRUE,TRUE,TRUE,1,1,1,1,1
UFCvegas-105-emmett-murphy-05-04-2025,Lookboonmee vs Nunes,Lookboonmee,back of head strike,FALSE,FALSE,1,lookboonmee vs nunes,Loma Lookboonmee (115) vs. Istela Nunes (115),"Lookboonmee is warning for striking the back of the head, and she pushes the Brazilian off of her.",back of the head,FALSE,FALSE,Round 1,back of head strike,Lookboonmee,TRUE,TRUE,TRUE,TRUE,TRUE,1,1,1,1,1
UFCvegas-105-emmett-murphy-05-04-2025,Lookboonmee vs Nunes,Lookboonmee,eye poke,FALSE,FALSE,2,lookboonmee vs nunes,Loma Lookboonmee (115) vs. Istela Nunes (115),"Lookboonmee pushes off, and her finger may or may not have scraped the eye.",eye poke,FALSE,FALSE,Round 1,eye poke,Lookboonmee,TRUE,TRUE,TRUE,TRUE,TRUE,1,1,1,1,1
UFCvegas-105-emmett-murphy-05-04-2025,Lookboonmee vs Nunes,Nunes,fence grab,FALSE,FALSE,3,lookboonmee vs nunes,Loma Lookboonmee (115) vs. Istela Nunes (115),"Nunes grabs the cage wall several times, and Tognoni reaches around repeatedly to slap Nunes' hand.",grabs the cage,FALSE,FALSE,Round 2,fence grab,Nunes,TRUE,TRUE,TRUE,TRUE,TRUE,1,1,1,1,1
UFCvegas-105-emmett-murphy-05-04-2025,Lookboonmee vs Nunes,Nunes,fence grab,FALSE,FALSE,4,lookboonmee vs nunes,Loma Lookboonmee (115) vs. Istela Nunes (115),"Nunes hooks her toes in the fence to try to improve her position, and Tognoni slaps her toes.",hooks her toes in the fence,FALSE,FALSE,Round 3,fence grab,Nunes,TRUE,TRUE,TRUE,TRUE,TRUE,1,1,1,1,1
UFCvegas-105-emmett-murphy-05-04-2025,Alencar vs Demopoulos,Alencar,fence grab,FALSE,FALSE,1,alencar vs demopoulos,Talita Alencar (115) vs. Vanessa Demopoulos (116),"Alencar uses her left arm to pressure behind Demopoulos's neck, and she is warned for grabbing the fence when imposing her weight on her opponent.",grabbing the fence,FALSE,FALSE,Round 1,fence grab,Alencar,TRUE,TRUE,TRUE,TRUE,TRUE,1,1,1,1,1
UFCvegas-105-emmett-murphy-05-04-2025,Alencar vs Demopoulos,Alencar,fence grab,FALSE,FALSE,2,alencar vs demopoulos,Talita Alencar (115) vs. Vanessa Demopoulos (116),"Demopoulos sells out for a leglock in hopes of reversing the position, and Alencar gets out of it by repeatedly grabbing the fence.",grabbing the fence,FALSE,FALSE,Round 2,fence grab,Alencar,TRUE,TRUE,TRUE,TRUE,TRUE,1,1,1,1,1
UFCvegas-105-emmett-murphy-05-04-2025,Alencar vs Demopoulos,Demopoulos,fence grab,FALSE,FALSE,3,alencar vs demopoulos,Talita Alencar (115) vs. Vanessa Demopoulos (116),"Demopoulos uses her toes to try to pull her out of danger, which too is a foul.","uses her toes to try to pull her out of danger, which too is a foul",FALSE,FALSE,Round 1,fence grab,Demopoulos,TRUE,TRUE,TRUE,TRUE,TRUE,1,1,1,1,1
UFCvegas-105-emmett-murphy-05-04-2025,Alencar vs Demopoulos,Alencar,fence grab,FALSE,FALSE,4,alencar vs demopoulos,Talita Alencar (115) vs. Vanessa Demopoulos (116),"Rules mean nothing with no consequences, and multiple fence grabs keeping her out of a submission go generally uncalled other than a ""knock it off"" from Tognoni.",fence grab,FALSE,FALSE,Round 2,fence grab,Alencar,TRUE,TRUE,TRUE,TRUE,TRUE,1,1,1,1,1
UFCvegas-105-emmett-murphy-05-04-2025,Finney vs Valentin,Valentin,fence grab,FALSE,FALSE,1,finney vs valentin,Torrez Finney (186) vs. Robert Valentin (185.5),"Valentin returns to his knees, grabbing the fence clearly to stand up and getting shouted at.",grabbing the fence,FALSE,FALSE,Round 2,fence grab,Valentin,TRUE,TRUE,TRUE,TRUE,TRUE,1,1,1,1,1
UFCvegas-105-emmett-murphy-05-04-2025,Finney vs Valentin,Valentin,fence grab,FALSE,FALSE,2,finney vs valentin,Torrez Finney (186) vs. Robert Valentin (185.5),"Valentin throws his legs up in pursuit of a triangle choke, and Finney stacks him up and pushes out thanks in part to Valentin grabbing the cage with his toes.",grabbing the cage,FALSE,FALSE,Round 2,fence grab,Valentin,TRUE,TRUE,TRUE,TRUE,TRUE,1,1,1,1,1
UFCvegas-106-burns-morales-17-05-2025,Erosa vs Costa,Costa,fence grab,FALSE,FALSE,1,erosa vs costa,Julian Erosa (145) vs. Melquizael Costa (145),"Costa is warned for having his toes in the cage, and Erosa drops down a few punches and leans back to watch an upkick buzz past him at the bell.",toes in the cage,FALSE,FALSE,Round 1,fence grab,Costa,TRUE,TRUE,TRUE,TRUE,TRUE,1,1,1,1,1
UFCvegas-106-burns-morales-17-05-2025,Erosa vs Costa,Costa,groin strike,FALSE,FALSE,2,erosa vs costa,Julian Erosa (145) vs. Melquizael Costa (145),"Erosa jumps at his foe to attack, and Costa times a spinning back kick that pounds into the cup.",kick that pounds into the cup,FALSE,FALSE,Round 1,groin strike,Costa,TRUE,TRUE,TRUE,TRUE,TRUE,1,1,1,1,1
UFCvegas-106-burns-morales-17-05-2025,Erosa vs Costa,Erosa,eye poke,FALSE,FALSE,3,erosa vs costa,Julian Erosa (145) vs. Melquizael Costa (145),"Erosa pokes Costa in the eye, and Costa tells them he is fine and keeps going.",eye poke,FALSE,FALSE,Round 2,eye poke,Erosa,TRUE,TRUE,TRUE,TRUE,TRUE,1,1,1,1,1
UFCvegas-106-burns-morales-17-05-2025,Stoltzfus vs Ruziboev,Ruziboev,headbutt,FALSE,FALSE,1,stoltzfus vs ruziboev,Dustin Stoltzfus (185.5) vs. Nursulton Ruziboev (185.5),"Ruziboev counters with a knee to the body, and he smacks Stoltzfus with a hammerfist and inadvertently headbutts him.",headbutt,FALSE,FALSE,Round 2,headbutt,Ruziboev,TRUE,TRUE,TRUE,TRUE,TRUE,1,1,1,1,1
UFCvegas-106-burns-morales-17-05-2025,Stoltzfus vs Ruziboev,Ruziboev,groin strike,FALSE,FALSE,2,stoltzfus vs ruziboev,Dustin Stoltzfus (185.5) vs. Nursulton Ruziboev (185.5),"Ruziboev darts in with a jab and a body kick, and Tognoni warns that the kick went south of the border.","kick, and Tognoni warns that the kick went south of the border",FALSE,FALSE,Round 3,groin strike,Ruziboev,TRUE,TRUE,TRUE,TRUE,TRUE,1,1,1,1,1
UFCvegas-106-burns-morales-17-05-2025,Stoltzfus vs Ruziboev,Ruziboev,fence grab,FALSE,FALSE,3,stoltzfus vs ruziboev,Dustin Stoltzfus (185.5) vs. Nursulton Ruziboev (185.5),"Ruziboev pulls on the fence to defend it, as Tognoni shouts at him to knock it off.",pulls on the fence,FALSE,FALSE,Round 2,fence grab,Ruziboev,TRUE,TRUE,TRUE,TRUE,TRUE,1,1,1,1,1
UFCvegas-106-burns-morales-17-05-2025,Yusuff vs Santos,Yusuff,back of head strike,FALSE,FALSE,1,yusuff vs santos,Sodiq Yusuff (155.5) vs. Mairon Santos (155.5),"Santos gets in a knee or two, and he is smacked in the back of the head a few times.","knee or two, and he is smacked in the back of the head",FALSE,FALSE,Round 2,back of head strike,Yusuff,TRUE,TRUE,TRUE,TRUE,TRUE,1,1,1,1,1
UFCvegas-106-burns-morales-17-05-2025,Yusuff vs Santos,Santos,back of head strike,FALSE,FALSE,2,yusuff vs santos,Sodiq Yusuff (155.5) vs. Mairon Santos (155.5),"Santos times a spin to deliver a punch that inadvertently lands in the back of the head, and they both plant their feet and bust one another in the chops with fierce right hands.",punch that inadvertently lands in the back of the head,FALSE,FALSE,Round 2,back of head strike,Santos,TRUE,TRUE,TRUE,TRUE,TRUE,1,1,1,1,1
UFCvegas-106-burns-morales-17-05-2025,Yusuff vs Santos,Yusuff,groin strike,FALSE,FALSE,3,yusuff vs santos,Sodiq Yusuff (155.5) vs. Mairon Santos (155.5),"Yusuff winds up with an inside low kick that grazes the cup, and Santos frowns but does not ask for a timeout.",kick that grazes the cup,FALSE,FALSE,Round 1,groin strike,Yusuff,TRUE,TRUE,TRUE,TRUE,TRUE,1,1,1,1,1
UFCvegas-107-blanchfield-barber-31-05-2025,Filho vs Nascimento,Filho,groin strike,FALSE,FALSE,1,filho vs nascimento,Jafel Filho (126) vs. Allan Nascimento (127.5: Missed Weight),"Filho crashes the pocket to slow the heavier fighter down, kneeing him in the stomach and cup before trying to throw him to the mat.",kneeing him in the stomach and cup,FALSE,FALSE,Round 1,groin strike,Filho,TRUE,TRUE,TRUE,TRUE,TRUE,1,1,1,1,1
UFCvegas-107-blanchfield-barber-31-05-2025,Filho vs Nascimento,Filho,fence grab,FALSE,FALSE,2,filho vs nascimento,Jafel Filho (126) vs. Allan Nascimento (127.5: Missed Weight),"Filho grabs the fence to keep himself upright when Nascimento looks for his own takedown, and he uses momentum to spin Nascimento to the ground.",grabs the fence,FALSE,FALSE,Round 1,fence grab,Filho,TRUE,TRUE,TRUE,TRUE,TRUE,1,1,1,1,1
UFCvegas-107-blanchfield-barber-31-05-2025,Filho vs Nascimento,Nascimento,fence grab,FALSE,FALSE,4,filho vs nascimento,Jafel Filho (126) vs. Allan Nascimento (127.5: Missed Weight),"Nascimento grabs the fence a few times, keeping himself from being taken down because of it.",grabs the fence,FALSE,FALSE,Round 2,fence grab,Nascimento,TRUE,TRUE,TRUE,TRUE,TRUE,1,1,1,1,1
UFCvegas-107-blanchfield-barber-31-05-2025,Filho vs Nascimento,Filho,fence grab,FALSE,FALSE,3,filho vs nascimento,Jafel Filho (126) vs. Allan Nascimento (127.5: Missed Weight),"Filho spins around, is warned for fence grabs, and is tripped down to the canvas.",fence grab,FALSE,FALSE,Round 3,fence grab,Filho,TRUE,TRUE,TRUE,TRUE,TRUE,1,1,1,1,1
UFCvegas-107-blanchfield-barber-31-05-2025,Filho vs Nascimento,Nascimento,back of head strike,FALSE,FALSE,5,filho vs nascimento,Jafel Filho (126) vs. Allan Nascimento (127.5: Missed Weight),"Nascimento hacks with elbows to the top of Filho's head and also to the back of his head, with fouls uncalled on every side in this grappling match.",hacks with elbows to the top of Filho's head and also to the back of his head,FALSE,FALSE,Round 3,back of head strike,Nascimento,TRUE,TRUE,TRUE,TRUE,TRUE,1,1,1,1,1
UFCvegas-107-blanchfield-barber-31-05-2025,Gamrot vs Klein,Klein,fence grab,FALSE,FALSE,1,gamrot vs klein,Mateusz Gamrot (156) vs. Ludovit Klein (156),"Klein is warned for grabbing the fence to help him upright, and Gamrot continues to exude heavy pressure from behind.",grabbing the fence,FALSE,FALSE,Round 1,fence grab,Klein,TRUE,TRUE,TRUE,TRUE,TRUE,1,1,1,1,1
UFCvegas-107-blanchfield-barber-31-05-2025,Santos vs Ardelean,Santos,fence grab,FALSE,FALSE,1,santos vs ardelean,Rayanne dos Santos (116) vs. Alice Ardelean (115.5),"Dos Santos pulls on the fence to work her way upright, and Ardelean is on her putting her fists in dos Santos' face.",pulls on the fence,FALSE,FALSE,Round 2,fence grab,Santos,TRUE,TRUE,TRUE,TRUE,TRUE,1,1,1,1,1
UFCvegas-107-blanchfield-barber-31-05-2025,Santos vs Ardelean,Santos,eye poke,FALSE,FALSE,2,santos vs ardelean,Rayanne dos Santos (116) vs. Alice Ardelean (115.5),"Dos Santos pushes off with her fingers out, and they jam into Ardelean's eye socket.",eye poke,FALSE,FALSE,Round 2,eye poke,Santos,TRUE,TRUE,TRUE,TRUE,TRUE,1,1,1,1,1
