event,bout,bout_key,foul_idx,foul_committed_by,context,foul_type_guess,foul_resulted_in_deduction,referee_paused,round_mentioned,expanded_context
UFC323-dvalishvili-yan-06-12-2025,Henry Cejudo (136) vs. Payton Talbott (136),cejudo vs talbott,1,Henry Cejudo,Cejudo gets an eye poke and time is briefly called.,eye poke,FALSE,TRUE,Round 1,"Cejudo forces the clinch, but Talbott pushes him into the fence and lands some knees before they separate. A solid 1-2 for Talbott lands. Cejudo gets an eye poke and time is briefly called. Cejudo can't quite get the takedown as the fight resumes. Talbott is landing frequently with his straight punches."
UFCVegas-111-bonfim-brown-08-11-2025,Christian Leroy Duncan (185) vs. Marco Tulio (185.5),duncan vs tulio,1,UNKNOWN,"Tulio squeezes on Duncan against the wire while his fingers are hooked in the chain links, allowing him to sneakily hold Duncan until Duncan explodes to turn him around.",fingers are hooked in the chain links,FALSE,FALSE,Round 1,"Tulio throws back hammers, and Duncan crashes forward and blasts him in the face with an overhand right. He spins with a back elbow, and it skims the top of the head as Tulio clinches him. Tulio squeezes on Duncan against the wire while his fingers are hooked in the chain links, allowing him to sneakily hold Duncan until Duncan explodes to turn him around. Shoulder strikes from Duncan land with audible thuds, and he tries to trip Tulio out like Tulio got him before. Tulio redirects his effort and nearly gets off his own, but he lets it go so he can elbow the Brit in the face."
UFCVegas-111-bonfim-brown-08-11-2025,Gabriel Bonfim (170.5) vs. Randy Brown (171),bonfim vs brown,1,UNKNOWN,"A calf kick from Bonfim is so immediately effective that Brown leaps at him with his knee out, hand extended, and his finger jams in Bonfim's eye socket.",eye poke,FALSE,TRUE,Round 1,"Brown goes for his own calf kick, and it gets checked hard. Brown bounces on his heels before doubling up on a jab to hurl a right hand behind it, and Bonfim sways with it and resets. A calf kick from Bonfim is so immediately effective that Brown leaps at him with his knee out, hand extended, and his finger jams in Bonfim's eye socket. Luckily, Bonfim takes a few seconds to clear his vision, and they resume and stay generally out of range until the bell sounds. Sherdog Scores Jay Pettry scores the round: 10-9 Bonfim Devin Tejada scores the round: 10-9 Bonfim Tyler Treese scores the round: 10-9 Bonfim Round 2 Brown leads behind his jab to start off the round and keep his distance, although his front kick reaches out to cover much more ground."
UFCVegas-111-bonfim-brown-08-11-2025,Hyder Amil (145.5) vs. Jamall Emmers (145),amil vs emmers,1,Hyder Amil,"Amil falls forward and grabs the fence to keep him afloat while scrambling, and they quickly get back up to continue trading.",grabs the fence,FALSE,FALSE,Round 2,"Amil goes high with his shin, and Emmers dances away after dinging Amil with a one-two. Emmers catches a kick, tripping Amil to the ground. Amil falls forward and grabs the fence to keep him afloat while scrambling, and they quickly get back up to continue trading. Emmers takes advantage of an overswinging ""Hurricane"" by tackling him to the canvas, this time putting Amil flat on his back. Emmers calmly, methodically opens up with ground-and-pound."
UFCVegas-111-bonfim-brown-08-11-2025,Hyder Amil (145.5) vs. Jamall Emmers (145),amil vs emmers,2,Hyder Amil,"Amil looks for range with his kicks, and Emmers blasts him with left hand at the same time Amil accidentally kicks him in the groin.",kicks him in the groin,FALSE,TRUE,Round 1,"The two 145ers will be let loose just as soon as referee Kerry Hatley says go, and they greet one another with a fist bump. Amil circles quickly from one side of the cage to the other, and the two hand-fight and swat away opening jabs. Amil looks for range with his kicks, and Emmers blasts him with left hand at the same time Amil accidentally kicks him in the groin. Hatley sees it and calls time, with Emmers taking about 45 seconds to recover before he starts up guns blazing. Both men throw caution to the wind and hammer one another with high-amplitude, wide-reaching strikes."
UFCVegas-111-bonfim-brown-08-11-2025,Hyder Amil (145.5) vs. Jamall Emmers (145),amil vs emmers,3,Hyder Amil,"Amil's front kick brushes the cup before striking the body, and Hatley signs and calls time.",kick brushes the cup,FALSE,TRUE,Round 2,"Sherdog Scores Jay Pettry scores the round: 10-9 Amil Devin Tejada scores the round: 10-9 Emmers Tyler Treese scores the round: 10-9 Amil Round 2 The two come out of their corners loaded for bear, and they proceed to prove it by punching one another square in the face when they are permitted to do so. Emmers fights behind his one-twos, and Amil relies on explosions to close the distance. Amil's front kick brushes the cup before striking the body, and Hatley signs and calls time. Hatley informs Amil to not commit any more fouls, and after about 40 seconds, they get back to business. The two walk towards one another, slinging leather, until Emmers connects and skirts away on the outside."
UFCVegas-111-bonfim-brown-08-11-2025,Hyder Amil (145.5) vs. Jamall Emmers (145),amil vs emmers,4,Jamall Emmers,"Emmers knees him in the gut when the two are tied up, and Amil gets away with a fence grab.",fence grab,FALSE,TRUE,Round 1,"Amil fires back, so Emmers runs at him and tackles him to the ground. Amil springboards back upright and gets back in Emmers' face, knocking his head around with violent swinging fists. Emmers knees him in the gut when the two are tied up, and Amil gets away with a fence grab. Emmers breaks with an elbow on the temple, and Amil swats out with a right hand and a scooping left hook that appears to hurt ""Prettyboy."" Amil catches a kick and tosses Emmers back, and he takes a left hand on the side of the eyebrow that splits his face open."
UFCVegas-111-bonfim-brown-08-11-2025,Ismael Bonfim (161: Missed Weight) vs. Chris Padilla (155),bonfim vs padilla,1,Chris Padilla,"Bonfim tries for a leg lock off his back, and Padilla steps all the way around it and lands several punches to the back of the head.Bonfim's energy reserves have reached empty, and Padilla bludgeons him with a slow, methodical bombardment of left hands.",lands several punches to the back of the head,FALSE,FALSE,Round 2,"Bonfim shoots for a double, and Padilla shuts it down and frames off his face with a knee. Padilla slashes Bonfim in the temple with an elbow, and Bonfim hits the deck. Bonfim tries for a leg lock off his back, and Padilla steps all the way around it and lands several punches to the back of the head.Bonfim's energy reserves have reached empty, and Padilla bludgeons him with a slow, methodical bombardment of left hands. Loud chants for ""Taco"" echo in the otherwise empty Apex facility as Tognoni waves the fight off in the second round, and Padilla is now the unlikely victor in four straight in the Octagon.A five-pound weight miss on the other side of the scale? No problem for the athlete who headlined the Xplode Fight Series event titled ""Taco"" over a decade ago."
UFCVegas-111-bonfim-brown-08-11-2025,Jackson McVey (193.5) vs. Zachary Reese (194),mcvey vs reese,1,Jackson McVey,"Reese has some success when under fire, and he gets a bit of unwelcome relief when McVey drives a knee directly into his cup.",knee directly into his cup,FALSE,TRUE,Round 1,"McVey punishes his opponent with knees to the body, and one particularly effective one puts Reese on his knees. Reese explodes back to his feet and comes back firing, but it is McVey who is hitting harder. Reese has some success when under fire, and he gets a bit of unwelcome relief when McVey drives a knee directly into his cup. Reese groans, and Tognoni immediately calls time as McVey apologizes. Reese walks off to recover, and Tognoni calls in the doctor to check on the fresh cut above his eyebrow that spans nearly halfway from end to end."
UFCVegas-110-garcia-onama-01-11-2025,Kevin Christian (205) vs. Billy Elekana (205.5),christian vs elekana,1,Billy Elekana,"Elekana beans him on the sides and back of the head while Christian is moving, but what are rules anymore and how are they never enforced?",back of the head,FALSE,FALSE,Round 1,"Elekana no-sells this and opens up with a massive right hand, sending Christian flying across the cage. The Brazilian hits his back and instinctively turns to his side and then to his knees to shell up. Elekana beans him on the sides and back of the head while Christian is moving, but what are rules anymore and how are they never enforced? With Christian on his knees in a daze, Elekana slides into back control, gets his hooks in and attacks the rear-naked choke.The Brazilian frantically taps almost immediately, surrendering many times on the floor while Tognoni is on the wrong side and does not see them. Elekana does not feel the taps, and Tognoni still does not register them, so Christian goes out."
UFCVegas-110-garcia-onama-01-11-2025,Seok Hyeon Ko (170) vs. Philip Rowe (171),ko vs rowe,1,Seok Hyeon Ko,"As the 10-second clapper sounds, the South Korean shoots for a double that occupies Rowe's time until the grueling contest concludes.",shoots for a double that occup,FALSE,FALSE,Round 3,"Rowe works to his feet, and Ko follows him. Ko turns him around in the clinch with a clock that now reads 30 seconds, and he remains wrapped around ""The Fresh Prince"" to ride out the rest of the fight. As the 10-second clapper sounds, the South Korean shoots for a double that occupies Rowe's time until the grueling contest concludes. Sherdog Scores Jay Pettry scores the round: 10-9 Ko (30-27 Ko) Chris Laporte scores the round: 10-9 Ko (30-27 Ko) Dayne Fox scores the round: 10-9 Ko (30-27 Ko) The Official Result Seok Hyeon Ko def. Philip Rowe via Unanimous Decision (30-26, 30-27, 30-27)"
UFCVegas-110-garcia-onama-01-11-2025,Talita Alencar (115) vs. Ariane Carnelossi (115.5),alencar vs carnelossi,1,UNKNOWN,"Alencar drops to her knees, and Smith warns Carnelossi for what would be illegal upkicks.",illegal upkick,FALSE,FALSE,Round 1,"Carnelossi punches her way out of the clinch and meanders forwards Alencar, swinging her way until they end up clinching once more. Alencar trips Carnelossi to the floor, and Carnelossi uses her upkicks when hitting the mat to keep Alencar from climbing on top of her. Alencar drops to her knees, and Smith warns Carnelossi for what would be illegal upkicks. The horn sounds with Alencar striking from above. Sherdog Scores Jay Pettry scores the round: 10-9 Alencar Chris Laporte scores the round: 10-9 Alencar Dayne Fox scores the round: 10-9 Alencar Round 2 Like the previous round, Carnelossi plods directly forward to engage, no glove touch in the works."
UFCVegas-110-garcia-onama-01-11-2025,Talita Alencar (115) vs. Ariane Carnelossi (115.5),alencar vs carnelossi,2,Talita Alencar,"This continues, and Alencar is warned for grabbing the fence to keep Carnelossi stuck and has her hand slapped away a few times.",grabbing the fence,FALSE,FALSE,Round 1,"Alencar puts Carnelossi's back to the fencing, and she knees her in the stomach when bending over for something. Carnelossi turns her about once more and gives her a few knees to think about on the other side of the equation. This continues, and Alencar is warned for grabbing the fence to keep Carnelossi stuck and has her hand slapped away a few times. Alencar ducks down in pursuit of a single-leg takedown, and she gets it for a second or two before Carnelossi pops back to her feet without issue. Carnelossi punches her way out of the clinch and meanders forwards Alencar, swinging her way until they end up clinching once more."
UFCVegas-110-garcia-onama-01-11-2025,Themba Gorimbo (171) vs. Jeremiah Wells (170.5),gorimbo vs wells,1,Jeremiah Wells,"Gorimbo controls with right hands as Wells tries to scramble, and Wells still works his way to the cage and grabs the fence immediately.",grabs the fence,FALSE,FALSE,Round 1,"He uses this limb control to stand up and subsequently attempt a trip takedown. ""The Answer"" answers him with a throw that plants the Renzo Gracie Philly product flat on his back. Gorimbo controls with right hands as Wells tries to scramble, and Wells still works his way to the cage and grabs the fence immediately. Gorimbo chucks him to the floor like a sack of potatoes and reassumes top position. When Gorimbo sits up to blast with ground strikes, Wells scurries to put himself closer to the fencing."
UFCVegas-110-garcia-onama-01-11-2025,Themba Gorimbo (171) vs. Jeremiah Wells (170.5),gorimbo vs wells,2,Jeremiah Wells,"Wells pulls his finger in the fence to try to improve his position, and when he tries again, Tognoni shouts him down.",finger in the fence,FALSE,FALSE,Round 1,"Gorimbo responds with a double-leg takedown, grounding the Philadelphia native for a moment. Wells bounces back to his feet, and Gorimbo uses full-on muscle to throw him back to the mat. Wells pulls his finger in the fence to try to improve his position, and when he tries again, Tognoni shouts him down. In the meantime, Gorimbo has advanced to full mount, and he forces Wells to turn over when he is about to engage with ground-and-pound. Wells twists to his knees and grabs hold of Gorimbo's right hand to control it and prevent him from getting struck."
UFCVegas-110-garcia-onama-01-11-2025,Themba Gorimbo (171) vs. Jeremiah Wells (170.5),gorimbo vs wells,3,Themba Gorimbo,"Wells simply explodes back up to his feet, and he turns Gorimbo to the fence and imposes his weight all while tugging his fingers in the chain links illegally.",tugging his fingers in the chain links,FALSE,FALSE,Round 1,"When Gorimbo sits up to blast with ground strikes, Wells scurries to put himself closer to the fencing. Just as Wells is about to sit and follow him, Gorimbo strips his legs out beneath him. Wells simply explodes back up to his feet, and he turns Gorimbo to the fence and imposes his weight all while tugging his fingers in the chain links illegally. That makes three, maybe four loud warnings from Tognoni with nothing else to it. Wells turns things around and sits himself down on top of Gorimbo as the round concludes."
UFCVegas-110-garcia-onama-01-11-2025,Waldo Cortes-Acosta (263) vs. Ante Delija (237.5),cortes-acosta vs delija,1,Ante Delija,"The video shows that Delija's finger slid into the eye socket, and no five-minute clock starts for recovery time.",eye poke,FALSE,TRUE,Round 1,"several times, but then has to call the replay official of Herb Dean to check on whether Cortes-Acosta's eye was poked or if they were all punches landing cleanly and legally. Teammates, medical professionals and commissioners all flood the cage to figure out what happened. The video shows that Delija's finger slid into the eye socket, and no five-minute clock starts for recovery time. Instead, Smith states that if Cortes-Acosta is able to continue, he does have the ability to restart the fight. It is a bizarre scene, one that is growingly and frustratingly common in the promotion, and it gives Cortes-Acosta one of two options."
UFCVegas-110-garcia-onama-01-11-2025,Yadier Del Valle (146) vs. Isaac Dulgarian (146),valle vs dulgarian,1,Yadier Del Valle,"Del Valle flattens out his opponent, landing shots to the back of the head but otherwise beating Dulgarian down.",landing shots to the back of the head,FALSE,FALSE,Round 1,"Del Valle isolates the right arm and uses it to take the back. Dulgarian turns and keeps throwing no-look punches rather than defending the submissions. Del Valle flattens out his opponent, landing shots to the back of the head but otherwise beating Dulgarian down. McMahon watches on, with Del Valle smashing his fists into both sides of the dome. The betting underdog stops attacking and wraps up a choke under the chin and has it tight."
UFC-oliveira-gamrot-11-10-2025,Clayton Carpenter (126) vs. Jafel Filho (126),carpenter vs filho,1,Clayton Carpenter,"Carpenter wriggles out and hooks his toes in the fence, and Maia tugs them out so Carpenter goes back to it again.",hooks his toes in the fence,FALSE,FALSE,Round 1,"Filho remains seated with his back to the wall, so the leverage is not right and Carpenter can defend it properly. Filho softens his man up with body shots until grabbing the chin and yanking it up to expose the neck. Carpenter wriggles out and hooks his toes in the fence, and Maia tugs them out so Carpenter goes back to it again. Filho's body triangle is squeezing the air out of Carpenter's lungs, and he further frustrates his foe by covering his mouth as well. Carpenter bucks like a madman, and he even drills Filho with a no-look back elbow, but Filho is firmly controlling him."
UFC-oliveira-gamrot-11-10-2025,Jhonata Diniz (257) vs. Mario Pinto (255),diniz vs pinto,1,UNKNOWN,"Pinto easily mat returns him, and Diniz elbows him repeatedly in the back of the head.",elbows him repeatedly in the back of the head,FALSE,FALSE,Round 1,"When Diniz opens up with a right hand, Pinto drops to his knees and completes a double. Diniz hits his back, but muscles his way back upright in seconds. Pinto easily mat returns him, and Diniz elbows him repeatedly in the back of the head. Pinto advances to half guard, using his elbow to frame off and keep Diniz from sitting up or scrambling. Pinto climbs into full mount, and Diniz bucks but is stuck flat on his back."
UFC-oliveira-gamrot-11-10-2025,Joel Alvarez (171) vs. Vicente Luque (170),alvarez vs luque,1,Joel Alvarez,"The fighters trade low kicks, and Alvarez' brushes the cup.","kicks, and Alvarez' brushes the cup",FALSE,FALSE,Round 3,"As if he does not want to cause more harm to his opponent, Alvarez takes his foot largely off the gas, while dancing away from the labored offense hurled his way. Luque is the more active of the two, but he will most certainly need a finish barring an aberrant scorecard. The fighters trade low kicks, and Alvarez' brushes the cup. Luque signals he is fine, and he keeps out of range until shooting in for a single. Alvarez defends it without issue, and he slithers his legs around Luque's neck for an inverted triangle."
UFC-oliveira-gamrot-11-10-2025,Kaan Ofli (145.5) vs. Ricardo Ramos (146),ofli vs ramos,1,Kaan Ofli,"Ofli stacks his man up and turns the proper direction to get out of the lock, but he pulls on the fence more than once to do so.",pulls on the fence,FALSE,FALSE,Round 1,"The few jabs have already marked up Ofli's nose, who sprints at his opponent and tackles him to the ground. When he hits the mat, the Brazilian wraps up a leglock, and he switches to a kneebar and cranks the limb. Ofli stacks his man up and turns the proper direction to get out of the lock, but he pulls on the fence more than once to do so. Ofli explodes out of the position and maneuvers himself to take Ramos' back, and he grabs hold of Ramos' face and starts squeezing it with his bicep. The face crank is not about to make ""Carcacinha"" tap out, so he switches to a more standard rear-naked choke approach."
UFC-oliveira-gamrot-11-10-2025,Stewart Nicoll (126) vs. Lucas Rocha (126),nicoll vs rocha,1,Lucas Rocha,"Herzog tells the fighters in Portuguese to watch out for eye pokes, and Rocha closes his fist and slams it repeatedly into Nicoll's face.",eye pokes,FALSE,FALSE,Round 2,"Nicoll still manages to wrangle him to a knee, and the round concludes. Sherdog Scores Jay Pettry scores the round: 10-9 Rocha Dayne Fox scores the round: 10-9 Rocha Tyler Treese scores the round: 10-9 Rocha Round 2 Rocha starts off the round a man possessed, connecting with punches and a body kick before twirling around. Herzog tells the fighters in Portuguese to watch out for eye pokes, and Rocha closes his fist and slams it repeatedly into Nicoll's face. Nicoll responds with a takedown shot that Rocha laughs off as he is nowhere to be found, and he lets Nicoll stand so he can complete multiple combinations. Nicoll is tough but constantly under fire, and his shots have little setup and do not go far."
UFC-oliveira-gamrot-11-10-2025,Thomas Petersen (246.5) vs. Vitor Petrino (250),petersen vs petrino,1,Vitor Petrino,"Petersen crashes after him to take him down, and Petrino grabs the fence to stay afloat and is fussed at by Soares but nothing else comes of it.",grabs the fence,FALSE,FALSE,Round 2,"The Brazilian shrugs off a left hand as Petersen closes the distance again, and Soares is quick to separate them. Petrino pump-fakes a few times to draw out reactions, and he puts a front kick between Petersen's guard to surprise him. Petersen crashes after him to take him down, and Petrino grabs the fence to stay afloat and is fussed at by Soares but nothing else comes of it. Petrino raises his hands at his opponent but might be keeping a solid poker face as he may be exhausted. Petrino turns tail and runs away for a moment, and Petersen lets him get away with it but walks through a few punches to tie him up and shoot for a takedown."
UFC-oliveira-gamrot-11-10-2025,Thomas Petersen (246.5) vs. Vitor Petrino (250),petersen vs petrino,2,UNKNOWN,"Petrino lifts and slams him down, but Petersen powers his way back up and hooks his fingers in the fence.",fingers in the fence,FALSE,FALSE,Round 1,"Petrino leaps after his opponent whose mouthpiece also flew through the air to try to finish the job, and when there is a moment to pause, Soares recovers Petersen's mouthpiece and gives it to him. On the restart, Petrino hammers his foe a few times, and Petersen works his way back to his feet. Petrino lifts and slams him down, but Petersen powers his way back up and hooks his fingers in the fence. Soares tells him to knock it off, and he disengages but is still defending the takedown. When the 10-second clapper sounds, Petrino abandons it and starts brawling."
UFC-ulberg-reyes-27-09-2025,Colby Thicknesse (135.5) vs. Josias Musasa (135.5),thicknesse vs musasa,1,Colby Thicknesse,"Thicknesse fires off a front kick that drills Musasa square in the groin, and the Congolese fighter goes down in a heap.",drills Musasa square in the groin,FALSE,TRUE,Round 3,"They trade leg kicks, and then hurl body kicks at the same time. Musasa slips a punch and cannot get out of the way from a low kick, so he advances and snaps the head back with two punches. Thicknesse fires off a front kick that drills Musasa square in the groin, and the Congolese fighter goes down in a heap. You can't get kicked much harder to that spot, and Musasa knows it and appears to dry heave once or twice. Thicknesse drops to his knees as Perdios calls time, and Perdios knows there is nothing he can do or say to make the agonizing pain go away."
UFC-ulberg-reyes-27-09-2025,Jack Jenkins (146) vs. Ramon Taveras (147: Missed Weight),jenkins vs taveras,1,Ramon Taveras,"Simultaneous kicks fly, and Taveras' lands square in the groin.",lands square in the groin,FALSE,TRUE,Round 1,"Jenkins gets off a kick that slams into the forearms, and Taveras tries to track him down but only gets off a jab. Jenkins' front kick is countered by a sharp left hand, and he stumbles back possibly off-balance. Simultaneous kicks fly, and Taveras' lands square in the groin. Jenkins groans, but only takes 10 seconds to recover. They get back to it, but not before clapping hands to make sure things are cool between the two."
UFC-ulberg-reyes-27-09-2025,Jake Matthews (170) vs. Neil Magny (170),matthews vs magny,1,Neil Magny,"Magny's jab bounces off the forehead, and he pushes off the face and his finger grazes the eye.",eye poke,FALSE,FALSE,Round 1,"Magny bounces off the cage wall to let go with a low kick, and he is knocked back from a right hand. Magny recovers and flicks out his jab, and he takes a strong calf kick that gives him pause. Magny's jab bounces off the forehead, and he pushes off the face and his finger grazes the eye. Perdios tells them to be careful, and they carry on. Matthews chips at the front leg, and Magny spurs into action with a long flurry of punches that largely miss the mark."
UFC-ulberg-reyes-27-09-2025,Jamie Mullarkey (156) vs. Rolando Bedoya (156),mullarkey vs bedoya,1,Rolando Bedoya,"Bedoya grabs the fence to try to stay on his feet, but Mullarkey wrenches him down from the back and gets both hooks in.",grabs the fence,FALSE,FALSE,Round 1,"They land simultaneous thudding calf kicks, and Mullarkey catches a kick and hits a textbook double. Bedoya pushes off and uses upkicks to fight his way back to his feet, and when he stands, Mullarkey grabs him from behind. Bedoya grabs the fence to try to stay on his feet, but Mullarkey wrenches him down from the back and gets both hooks in. Mullarkey secures the body triangle and starts fishing for chokes, with Bedoya defending them well thus far. Mullarkey switches his grip from arm to arm, keeping his body lock fastened around the waist to make Bedoya's life miserable."
UFC-ulberg-reyes-27-09-2025,Jamie Mullarkey (156) vs. Rolando Bedoya (156),mullarkey vs bedoya,2,Jamie Mullarkey,"Mullarkey lifts up a knee and bangs it into Bedoya's cup, only for ""The Machine"" to completely no-sell it and they go on as if nothing happened.",knee and bangs it into Bedoya's cup,FALSE,FALSE,Round 2,"Mullarkey exerts his effort to get a double after the first fails, and Bedoya manages to stay on his feet after a variety of attempts. Bedoya is unable to get off his own offense when stuck against the wall, although his defensive wrestling still works. Mullarkey lifts up a knee and bangs it into Bedoya's cup, only for ""The Machine"" to completely no-sell it and they go on as if nothing happened. Mullarkey reintroduces himself with a fierce uppercut after a faked takedown shot, and then he chains a real takedown attempt after it. Mullarkey traps Bedoya's leg between his own, but Bedoya's balance is arguably his best asset in this match so far."
UFC-ulberg-reyes-27-09-2025,Michelle Montague (135.5) vs. Luana Carolina (136),montague vs carolina,1,Michelle Montague,"Montague breaks out of the sub without issue, and she gets pounded in the face with an illegal upkick.",illegal upkick,TRUE,TRUE,Round 2,"""Dread"" smashes Montague in the face with a concussive right hand, sending Montague staggering back as her knees buckle and she drops to the floor. Carolina snatches up a guillotine choke to try to put her away, but Montague is able to shake off the cobwebs and push Carolina to the ground. Montague breaks out of the sub without issue, and she gets pounded in the face with an illegal upkick. She stands up and motions to Perceval, who is right on top of the action and calls time. Montague appears not compromised, and Perceval takes a point away and resets the action back on the feet instead of putting Carolina on her back again."
UFC-ulberg-reyes-27-09-2025,Navajo Stirling (205.5) vs. Rodolfo Bellato (205),stirling vs bellato,1,Rodolfo Bellato,"Bellato unloads with power strikes, one of his winging kicks brushing the cup, and nothing happens other than Bellato getting close enough to clinch again.","strikes, one of his winging kicks brushing the cup",FALSE,FALSE,Round 1,"Stirling wings a right hand that skims the top of the head, and he plants a one-two down the pipe right after. The City Kickboxing prospect rips the body a few times with his fists, and then aims his kicks to the same spot. Bellato unloads with power strikes, one of his winging kicks brushing the cup, and nothing happens other than Bellato getting close enough to clinch again. Stirling breaks out of it and resets, reaching a right hand behind the ear. Bellato checks a kick, but a liver kick that follows lands flush."
UFC-lopes-silva-13-09-2025,Amanda Lemos (116) vs. Tatiana Suarez (115.5),lemos vs suarez,1,UNKNOWN,"A fence grab temporarily saves Lemos, but Suarez grounds her foe moments later.",fence grab,FALSE,FALSE,Round 1,"Suarez shoves Lemos into the fence. She connects her hands and lifts the Brazilian. A fence grab temporarily saves Lemos, but Suarez grounds her foe moments later. Suarez is in full guard near the cage. Suarez applies pressure with her head while remaining heavy on top."
UFC-lopes-silva-13-09-2025,Amanda Lemos (116) vs. Tatiana Suarez (115.5),lemos vs suarez,2,Tatiana Suarez,"Suarez lands a knee to the groin, which prompts Lemos to collapse to the floor in pain as the American completes her takedown.",lands a knee to the groin,FALSE,TRUE,Round 1,"Lemos defends with her back to the fence. Lemos is staying up right but Suarez controls the clinch, where she lands a couple knees to the body. Suarez lands a knee to the groin, which prompts Lemos to collapse to the floor in pain as the American completes her takedown. Time is called so Lemos can recover. The action resumes with 2:15 to go."
UFC-lopes-silva-13-09-2025,Daniil Donchenko (171) vs. Rodrigo Sezinando (170.5),donchenko vs sezinando,1,Rodrigo Sezinando,Sezinando catches a knee to the cup and time is called.,knee to the cup,FALSE,TRUE,Round 1,More punches and an elbow from Donchenko on the break. The Ukrainian catches his foe with an elbow as Sezinando tries a leaping knee. Sezinando catches a knee to the cup and time is called. The fight resumes and Sezinando shoots for a takedown against the fence. Donchenko defends and tees off with a barrage of punches once the combatants separate.The flurry sends Sezinando to the canvas and the Brazilian covers up.
UFC-lopes-silva-13-09-2025,Diego Ferreira (156) vs. Alexander Hernandez (155.5),ferreira vs hernandez,1,Alexander Hernandez,He gets poked in the eye in the process and time is called.,eye poke,FALSE,TRUE,Round 2,Sherdog Scores Tristen Critchfield scores the round: 10-9 Ferreira Brian Knapp scores the round: 10-9 Ferreira Mike Pendleton scores the round: 10-9 Ferreira Round 2 Hernandez kicks the body. Ferreira catches and attempts to counter. He gets poked in the eye in the process and time is called. Ferreira doesn't need much time to recover. A counter left lands clean for Ferreira in an exchnage.
UFC-lopes-silva-13-09-2025,Sedriques Dumas (186) vs. Zachary Reese (185.5),dumas vs reese,1,Sedriques Dumas,"A hard inside low kick lands for Dumas, but moments later, ""The Reaper"" absorbs an audible kick to the groin from Reese.",kick to the groin,FALSE,FALSE,Round 1,"Dumas comes out aggressively, with a double jab-straight combination. Fighting from opposing stances, the middleweights trade low kicks. A hard inside low kick lands for Dumas, but moments later, ""The Reaper"" absorbs an audible kick to the groin from Reese. Dumas immediately collapses to the canvas in agony and the crowd groans upon viewing the replay. Now a doctor has come in to talk to Dumas, who remains on his knees."
UFC-walker-zhang-23-08-2025,Brian Ortega (153) vs. Aljamain Sterling (153),ortega vs sterling,1,Brian Ortega,"Ortega fires off another kick, this one clattering audibly off of Sterling's cup, but Sterling waves off any intervention by Dean.","kick, this one clattering audibly off of Sterling's cup",FALSE,FALSE,Round 3,"Round 3 Sterling has to walk two-thirds of the way across the Octagon in order to touch gloves with Ortega; a decent metaphor for this fight in general. Ortega comes forward, snapping out his jab, and tags Sterling with a low kick. Ortega fires off another kick, this one clattering audibly off of Sterling's cup, but Sterling waves off any intervention by Dean. Sterling continues to give ground in the face of Ortega's advance, but is still landing more and better strikes. Ortega gets through with another good leg kick, and Sterling catches his next one, hoisting the kicking leg and punching him before letting go."
UFC-walker-zhang-23-08-2025,Nueraji Taiyilake (170) vs. Kiefer Crosbie (170.5),taiyilake vs crosbie,1,Kiefer Crosbie,"Nueraji stands out of Crosbie's guard and as Crosbie moves to get up, nails him with a blatantly illegal knee to the head.",illegal knee,FALSE,FALSE,Round 1,"Nueraji elevates and drops a couple of big elbows, leading Crosbie to move and squirm. He closes up his guard and does a good job of parrying some elbows, but Nueraji is relentless, moving to mount and continuing the stream of elbows. Nueraji stands out of Crosbie's guard and as Crosbie moves to get up, nails him with a blatantly illegal knee to the head. Goddard stops the action, brings the cageside physician in to consult, and upon the determination that Crosbie is medically able to fight on, asks the fouled fighter if he wishes to continue. Crosbie immediately responds in the affirmative."
UFC-walker-zhang-23-08-2025,Sergei Pavlovich (255.5) vs. Waldo Cortes-Acosta (262),pavlovich vs cortes-acosta,1,Waldo Cortes-Acosta,"Cortes-Acosta takes a kick to the midsection, gestures at his cup and appears to want the foul called, but Goddard tells them it was on the belt and to keep fighting.","kick to the midsection, gestures at his cup",FALSE,FALSE,Round 1,"Cortes-Acosta scores with a hard calf kick, and Pavlovich is showing the damage from that one and the several he took in Round 1. Pavlovich cuts off the cage nicely, walks Cortes-Acosta to the warning track and nails him with two hard punches. Cortes-Acosta takes a kick to the midsection, gestures at his cup and appears to want the foul called, but Goddard tells them it was on the belt and to keep fighting. Pavlovich is gradually taking over this fight on the feet, as he is starting to find Cortes-Acosta's head with his jab and cross over and over again.10-9 Pavlovich. Round 3 The final frame opens up, as the first two did, with the heavyweight contenders measuring each other for big right hands in the pocket."
UFC319-duplessis-chimaev-16-08-2025,Alibi Idiris (126) vs. Joseph Morales (126),idiris vs morales,1,Joseph Morales,"When he finds himself on top, Morales starts attacking with elbows, and Cimmarusti warns Idiris for striking the back of the head.","elbows, and Cimmarusti warns Idiris for striking the back of the head",FALSE,FALSE,Round 1,"The fighters split up, and Idiris works the body on the way out. Morales throws back body shots, and he ducks under a spinning back fist to hit a double-leg takedown. When he finds himself on top, Morales starts attacking with elbows, and Cimmarusti warns Idiris for striking the back of the head. Morales lowers himself down to pursue an arm-triangle choke while still in half guard, and Idiris is quick to defend it but gives up full mount in the process. Morales lets go of the submission to allow Idiris to turn around, and he takes the back and wraps a triangle around the midsection."
UFC319-duplessis-chimaev-16-08-2025,Dione Barbosa (125.5) vs. Karine Silva (125),barbosa vs silva,1,Dione Barbosa,"Barbosa is warned for putting her fingers in the eyes while she smothers Silva's mouth, and she drops 12-to-6 elbows to the body and chest.",eye poke,FALSE,FALSE,Round 3,"All the while, Silva slashes with elbows until she is placed on her back again. Of the two, Silva is the more active member striking, with Barbosa getting off little more than a couple hammerfists. Barbosa is warned for putting her fingers in the eyes while she smothers Silva's mouth, and she drops 12-to-6 elbows to the body and chest. Fans are not amused as Barbosa smothers out the rest of the fight, but it is in the books and the lingering question may be how the judges score the second stanza. It could be a close one."
UFC319-duplessis-chimaev-16-08-2025,Jessica Andrade (116) vs. Lupita Godinez (115),andrade vs godinez,1,Lupita Godinez,"Godinez kicks Andrade and is poked in the eye on the way back, and Andrade stops and gives her a second to recover when Cimmarusti does not.",eye poke,FALSE,FALSE,Round 2,"Andrade adjusts her hair and leaps forward with a left hand, and she parries a counter but is nailed with a check left hook. Godinez throws the same punch to the same spot, and she chains a few more fists behind it to get Andrade's respect. Godinez kicks Andrade and is poked in the eye on the way back, and Andrade stops and gives her a second to recover when Cimmarusti does not. Andrade gets right in front of Godinez hurling hammers, and Godinez is content to bang it out with her in limited exchanges usually at her prerogative. Andrade keeps the pressure on, loading up with fireballs as she hammers the body several times."
UFC319-duplessis-chimaev-16-08-2025,"UFC Middleweight Title Fight:
Dricus Du Plessis (185) vs. Khamzat Chimaev (183)",plessis vs chimaev,1,Khamzat Chimaev,"Chimaev starts pounding on the side of the head, and a few punches land to the back of the head as Goddard is paying attention.",punches land to the back of the head,FALSE,FALSE,Round 1,"Du Plessis briefly considers a guillotine choke off his back, but when Chimaev considers a Von Preux shoulder choke, Du Plessis abandons it. Chimaev is already in side control in the center of the cage, and he wraps up the champ's right arm in a crucifix position. Chimaev starts pounding on the side of the head, and a few punches land to the back of the head as Goddard is paying attention. Chimaev keeps beating on the downed champion with short but scoring punches, and Du Plessis bucks and kicks to try to get out. With Du Plessis' face turned to Chimaev's chest, the punches have little on them even as they add up like a big brother bullying a young sibling."
UFC319-duplessis-chimaev-16-08-2025,"UFC Middleweight Title Fight:
Dricus Du Plessis (185) vs. Khamzat Chimaev (183)",plessis vs chimaev,2,"UFC Middleweight Title Fight:
Dricus Du Plessis","Du Plessis is warned for toes in the fence when trying to push off the wall, and after some light knees from Chimaev, Goddard stands them up.",toes in the fence,FALSE,FALSE,Round 4,"Few champs have been wholly dominated in such a fashion. Du Plessis feebly rolls to try to escape, and this only puts him at a disadvantageous position with Chimaev hooking up a crucifix by keeping his knee on the champ's right bicep. Du Plessis is warned for toes in the fence when trying to push off the wall, and after some light knees from Chimaev, Goddard stands them up. Du Plessis strikes with a body kick, and the marauding challenger hurls him to the ground. Once Du Plessis hits the mat, he shows someone a thumbs-up, but it is an empty gesture."
UFC319-duplessis-chimaev-16-08-2025,"UFC Middleweight Title Fight:
Dricus Du Plessis (185) vs. Khamzat Chimaev (183)",plessis vs chimaev,3,"UFC Middleweight Title Fight:
Dricus Du Plessis","When Chimaev steps to get to mount, Du Plessis illegally grabs the cage to reposition himself and Goddard admonishes him for it.",grabs the cage,FALSE,FALSE,Round 1,"Du Plessis' bucks and twists allow him to put his feet on the fence, and he pushes off of it while not hooking his toes in the fencing. Chimaev stays tight as a drum on top, bopping ""Stillknocks"" with his irritating little punches. When Chimaev steps to get to mount, Du Plessis illegally grabs the cage to reposition himself and Goddard admonishes him for it. Chimaev knees him in the side once or twice when he puts Du Plessis flat on his back again. Goddard asks the challenger to do more in this position, and it is Du Plessis who twists all the way around not just to get out of the bad position but escapes the brief back take."
UFCVegas-109-dolidze-hernandez-09-08-2025,Angela Hill (116) vs. Iasmin Lucindo (115),hill vs lucindo,1,UNKNOWN,"Hill sits up, and Lucindo elbows her in the back of the head.",elbows her in the back of the head,FALSE,FALSE,Round 3,"Lucindo continues pressing forward, tackling the longtime vet to the floor and landing in side control. To remain in control, the Brazilian relocates into half guard. Hill sits up, and Lucindo elbows her in the back of the head. Hill keeps twisting in hopes of escaping, Lucindo embraces the grind, wresting away any hopes of Hill staging a comeback. Hill tries to buck and kick off, and Lucindo puts her face on Hill's face."
UFCVegas-109-dolidze-hernandez-09-08-2025,Eryk Anders (186) vs. Christian Leroy Duncan (185),anders vs duncan,1,Christian Leroy Duncan,"A spin kick from Duncan bangs into the cup again, and it goes uncalled as Anders is not thrilled.",kick from Duncan bangs into the cup,FALSE,FALSE,Round 1,"Smith recognizes it and sighs, going over to tell Duncan he has to keep it clean. Anders takes 45 seconds to regain his wind, and Duncan walks him down with his hands low. A spin kick from Duncan bangs into the cup again, and it goes uncalled as Anders is not thrilled. Duncan leaps at his opponent with a knee, banging into the chest and landing to drive home a few heavy punches. Anders stumbles, bounces off the wall and rushes forward to tackle the Brit to the floor."
UFCVegas-109-dolidze-hernandez-09-08-2025,Eryk Anders (186) vs. Christian Leroy Duncan (185),anders vs duncan,2,Christian Leroy Duncan,"Duncan grabs the fence to put himself in a better position, and Anders knees him in the chest and then again to the stomach.",grabs the fence,FALSE,FALSE,Round 1,"Anders stumbles, bounces off the wall and rushes forward to tackle the Brit to the floor. Duncan works his way to his knee and them upright, with Anders clinging to him from behind making him shoulder the weights of both fighters. Duncan grabs the fence to put himself in a better position, and Anders knees him in the chest and then again to the stomach. When Duncan turns him about, Anders gives him a few more knees to think about. Duncan knees him back, and he slashes with an elbow and appears to have another knee hit or at least graze the groin."
UFCVegas-109-dolidze-hernandez-09-08-2025,Eryk Anders (186) vs. Christian Leroy Duncan (185),anders vs duncan,3,Christian Leroy Duncan,"Duncan pushes off when Anders advances, and his finger slides into the vet's eye socket.",eye poke,FALSE,TRUE,Round 1,"Duncan flashes his jab early, putting a front kick behind it that just misses. Duncan dodges a counter and tosses out two inside low kicks. Duncan pushes off when Anders advances, and his finger slides into the vet's eye socket. Smith calls time and issues the Englishman a hard warning, and Anders takes less than 30 seconds before he is good to go. Duncan comes out firing, with punches that lead to a spinning back kick."
UFCVegas-109-dolidze-hernandez-09-08-2025,Eryk Anders (186) vs. Christian Leroy Duncan (185),anders vs duncan,4,Christian Leroy Duncan,"Duncan strikes out with a low kick, pounding into Anders' cup and forcing another foul stoppage.","kick, pounding into Anders' cup",FALSE,FALSE,Round 1,"Anders responds, and Duncan dings him with an overhand right. Anders responds with a front kick to the belly, and he takes a right hand on the way out. Duncan strikes out with a low kick, pounding into Anders' cup and forcing another foul stoppage. Smith recognizes it and sighs, going over to tell Duncan he has to keep it clean. Anders takes 45 seconds to regain his wind, and Duncan walks him down with his hands low."
UFCVegas-109-dolidze-hernandez-09-08-2025,Raffael Cerqueira (203) vs. Julius Walker (206),cerqueira vs walker,1,Raffael Cerqueira,"Cerqueira allows him to stand back up, and he gets kneed in the groin and unloads huge punches.",kneed in the groin,FALSE,FALSE,Round 3,"Walker shoots desperately, and Cerqueira stands him up and tags him with three more punches. Walker is in big trouble, and he goes for a double again and is shoved to his back. Cerqueira allows him to stand back up, and he gets kneed in the groin and unloads huge punches. Walker summons every bit of energy remaining, opening up with two crushing punches that knock Cerqueira down to the ground. Walker celebrates this and lowers himself in the guard to smother him and get some wind back, but Cerqueira is not having it and forces his way to his feet."
UFCVegas-109-dolidze-hernandez-09-08-2025,Roman Dolidze (185.5) vs. Anthony Hernandez (186),dolidze vs hernandez,1,Roman Dolidze,"""Fluffy"" connects with a few punches, takes a left hand on the way out and lets Dolidze turn so he can accidentally bash him in the back of the head.","punches, takes a left hand on the way out and lets Dolidze turn so he can accidentally bash him in the back of the head",FALSE,FALSE,Round 2,"Hernandez drags Dolidze to the floor, landing some strikes before backing off to make the gassing Georgian out. Hernandez may be a little bloody up top but he is otherwise fresh as a daisy. ""Fluffy"" connects with a few punches, takes a left hand on the way out and lets Dolidze turn so he can accidentally bash him in the back of the head. Dolidze jams a knee to the body, and Hernandez responds by tackling ""The Caucasian"" easily to the mat. Dolidze grips hold of Hernandez' leg, and Hernandez crawls out of it and makes Dolidze stand up."
UFCVegas-109-dolidze-hernandez-09-08-2025,Roman Dolidze (185.5) vs. Anthony Hernandez (186),dolidze vs hernandez,2,Roman Dolidze,"Dolidze grabs the fence blatantly to try to stop a takedown, and Hernandez still completes it as Dean is yelling at the Georgian.",grabs the fence,FALSE,FALSE,Round 3,"The punches from Hernandez lead to elbows, which then lead to an easy takedown where he throws Dolidze on his face. Dolidze bounces back up, his eyes both swollen, and he retreats as Hernandez charges at him pursuing a takedown. Dolidze grabs the fence blatantly to try to stop a takedown, and Hernandez still completes it as Dean is yelling at the Georgian. Dolidze ignores him when he hits the ground and tugs on it again, and Dean is angry but Hernandez is beating on Dolidze so it is not as if Dolidze fouled his way to an advantageous position. Instead, it is Hernandez who is breaking Dolidze in the cage, wearing on him, threatening with a guillotine or otherwise bludgeoning him with ground strikes."
UFCVegas-109-dolidze-hernandez-09-08-2025,Roman Dolidze (185.5) vs. Anthony Hernandez (186),dolidze vs hernandez,3,Roman Dolidze,"Dolidze grabs the fence, and Dean has had enough of that foolishness and deducts one point from the Georgian.",grabs the fence,TRUE,TRUE,Round 4,"Dolidze rolls over to his back, and Hernandez shakes his head and makes him stand. Dolidze walks away carelessly, and Dean reminds him he's in the middle of a fight. Dolidze grabs the fence, and Dean has had enough of that foolishness and deducts one point from the Georgian. Hernandez, however, has something else in mind. With Dolidze on his knees, Hernandez bashes him with knees to the head until Dolidze drops to his own knee.The moment he does that, ""Fluffy"" wraps a standing rear-naked choke and wrenches it with all his might while simultaneously dragging him backwards."
UFCVegas-109-dolidze-hernandez-09-08-2025,Roman Dolidze (185.5) vs. Anthony Hernandez (186),dolidze vs hernandez,4,Roman Dolidze,"Hernandez bullies Dolidze to the wall, and Dolidze grabs the fence so tightly that Dean has to slap his hand out.",grabs the fence,FALSE,FALSE,Round 2,"Dolidze connects hard, and Hernandez shouts at him and tells him to give him more. Hernandez then lands, and it is the Georgian who wants more. Hernandez bullies Dolidze to the wall, and Dolidze grabs the fence so tightly that Dean has to slap his hand out. Hernandez drags Dolidze to the floor, landing some strikes before backing off to make the gassing Georgian out. Hernandez may be a little bloody up top but he is otherwise fresh as a daisy."
UFCVegas-109-dolidze-hernandez-09-08-2025,Steve Erceg (135.5) vs. Ode Osbourne (135.5),erceg vs osbourne,1,Steve Erceg,"A knee from Erceg bangs into the cup, and Osbourne grimaces and Smith tells the fouling fighter to watch it.",knee from Erceg bangs into the cup,FALSE,FALSE,Round 2,"Erceg boots Osbourne upside the head, and ""The Jamaican Sensation"" does not bat an eye. Erceg sticks out a few right hands, using them to set up a takedown shot. A knee from Erceg bangs into the cup, and Osbourne grimaces and Smith tells the fouling fighter to watch it. There is no break, so Osbourne takes it into his own hands to separate himself. Erceg reaches after him with a body kick on the way out."
UFCVegas-109-dolidze-hernandez-09-08-2025,Toshiomi Kazama (136) vs. Elijah Smith (136),kazama vs smith,1,Elijah Smith,"Smith pulls on the fence a few times to improve his position, and Kazama turns into it to make the attempt tighter.",pulls on the fence,FALSE,FALSE,Round 1,"Kazama briefly considers an armbar off his back, but the punches make him think twice. Smith stands in an unorthodox position to lay a beating on his opponent, and Kazama grips hold of a leglock to make his life difficult. Smith pulls on the fence a few times to improve his position, and Kazama turns into it to make the attempt tighter. Smith elects to stack Kazama up, where he clubs the Japanese fighter with ground-and-pound. Smith is briefly warned for striking the spine when Kazama turns to defend himself, but Smith is a 135-pound lead weight on his chest that also happens to be smacking him in the face repeatedly."
UFCVegas-108-taira-park-02-08-2025,Chris Duncan (156) vs. Mateusz Rebecki (155.5),duncan vs rebecki,1,Chris Duncan,"Rebecki leans on his training partner, and Duncan grabs the fence to get a better position.",grabs the fence,FALSE,FALSE,Round 1,"Duncan drives a knee to the body and falls to his back, and Rebecki tackles him down and looks to get to the guard. Duncan turns over while under fire to get to his feet, and Rebecki is clinging to him from behind. Rebecki leans on his training partner, and Duncan grabs the fence to get a better position. Duncan breaks out of the grip around his waist, and they proceed to trade long straight punches. Duncan steps in with a knee and is wobbled by an overhand right."
UFCVegas-108-taira-park-02-08-2025,Danny Silva (144.5) vs. Kevin Vallejos (146),silva vs vallejos,1,Kevin Vallejos,"Vallejos backs Silva up with a right hand, and they toss out front kicks as Vallejos bangs into the cup.",kicks as Vallejos bangs into the cup,FALSE,FALSE,Round 2,"Vallejos follows a kick with an overhand right, and he hops back to evade a surging uppercut. Vallejos puts a lot behind every swing, and Silva is able to dodge and move effectively. Vallejos backs Silva up with a right hand, and they toss out front kicks as Vallejos bangs into the cup. Silva adjusts his athletic supporter and they get back to it, where Vallejos loops a right hand at him. Silva sits down on a left hand, and he rifles another down the pipe as Vallejos ties him up."
UFCVegas-108-taira-park-02-08-2025,Felipe Bunes (125) vs. Rafael Estevam (130: Missed Weight),bunes vs estevam,1,Felipe Bunes,"Bunes attacks with elbows off his back, at least one landing to the back of the head, but Estevam ignores them and stays smothering.","elbows off his back, at least one landing to the back of the head",FALSE,FALSE,Round 3,"Estevam winds up with a big right hook, and they crack one another with power punches. Bunes marks up his foe's right cheek with strikes, but Estevam is able to tackle him down to the floor once more. Bunes attacks with elbows off his back, at least one landing to the back of the head, but Estevam ignores them and stays smothering. Bunes isolates his foe's right arm for a kimura or straight armlock, and Estevam uses that attempt to move to side control. Bunes escapes well enough to stand up, and Estevam clings to him from behind and even thinks about grabbing Bunes' ankle for a Suloev stretch modified kneebar."
UFCVegas-108-taira-park-02-08-2025,Felipe Bunes (125) vs. Rafael Estevam (130: Missed Weight),bunes vs estevam,2,Rafael Estevam,"Bunes starts first with a jabbing front kick, and Estevam responds with one that sounds like it brushes the cup.",brushes the cup,FALSE,FALSE,Round 1,"Whether he gives up his 0 as well, referee Kerry Hatley will be the first to know tonight. The two men competing at a 130-pound catchweight decide against touching gloves. Bunes starts first with a jabbing front kick, and Estevam responds with one that sounds like it brushes the cup. Estevam counters a kick with an overhand right, and Bunes is ready to check subsequent low kicks. Bunes sits down on a hard low kick, and he leans back to avoid a push kick."
UFCVegas-108-taira-park-02-08-2025,Felipe Bunes (125) vs. Rafael Estevam (130: Missed Weight),bunes vs estevam,3,Rafael Estevam,"Hatley warns Estevam for reckless punches to the back of the head, and ""Macapa"" continues to slap his foe around from behind.",punches to the back of the head,FALSE,FALSE,Round 3,"Bunes turns from side to side to break up the body lock, all while Estevam is clubbing him in the side of the head. Estevam loops his left arm around the head, but he cannot find the rear-naked choke beneath the chin. Hatley warns Estevam for reckless punches to the back of the head, and ""Macapa"" continues to slap his foe around from behind. Bunes sits up, but there is no way out of the body control at this stage. Estevam opens up with some surprisingly powerful hammerfists to both sides of the head, and Bunes shrugs."
UFCVegas-108-taira-park-02-08-2025,Neil Magny (170.5) vs. Elizeu Zaleski dos Santos (171),magny vs santos,1,Neil Magny,"Zaleski dos Santos lands in the guard, which Magny keeps open as he uses open palm strikes to the ears and back of the head a few timesSmith warns him for it.","lands in the guard, which Magny keeps open as he uses open palm strikes to the ears and back of the head",FALSE,FALSE,Round 2,"Sherdog Scores Jay Pettry scores the round: 10-9 Magny Chris Laporte scores the round: 10-9 Magny Dayne Fox scores the round: 10-9 Magny Round 2 Hands are clapped, and Magny follows it with a jab or two. As he pushes forward, Zaleski dos Santos uses the movement against him and tackles him to the mat. Zaleski dos Santos lands in the guard, which Magny keeps open as he uses open palm strikes to the ears and back of the head a few timesSmith warns him for it. Zaleski dos Santos stacks the taller man up to take his upkicks out of it, but Magny still is able to toss his legs up to set up a triangle choke. Zaleski dos Santos spins all the way through it, and Magny looks confused as Zaleski dos Santos sits on his stomach the wrong direction."
UFCVegas-108-taira-park-02-08-2025,Nick Klein (186) vs. Andrey Pulyaev (185.5),klein vs pulyaev,1,Andrey Pulyaev,"Pulyaev tries to grab the fence to stay upright, and Tognoni is paying close attention.",grab the fence,FALSE,FALSE,Round 2,"Pulyaev reintroduces himself with a head kick that shakes Klein's mullet, and Klein responds with a single-leg entry. The attempt pushes the Russian to the wall, where Klein gladly embraces the grind as he knees his opponent a few times as he searches for a body lock. Pulyaev tries to grab the fence to stay upright, and Tognoni is paying close attention. Pulyaev reverse-somersaults to get out and stands back up, where he grabs hold of a clinch to hammer Klein with knees to the body. One stern knee from Pulyaev slashes open Klein's right eyebrow."
UFCVegas-108-taira-park-02-08-2025,Nora Cornolle (136) vs. Karol Rosa (136),cornolle vs rosa,1,Karol Rosa,"Rosa continues swinging, landing some to the back of the head as she turns it up in the last seconds.",landing some to the back of the head,FALSE,FALSE,Round 3,"Rosa sits on top of her foe, bopping her with hammerfists until Cornolle turns to her side. Rosa tries for some kind of choke as she wraps her arms around the Frenchwoman, and she lets Cornolle turn over so she can work her over with punches. Rosa continues swinging, landing some to the back of the head as she turns it up in the last seconds. When time expires, the only question will be whether Rosa earned 10-8 scores in Rounds 2, 3 or both. The Brazilian keeps her decision streak intact, having gone the distance in all 12 of her UFC outings."
UFCVegas-108-taira-park-02-08-2025,Tresean Gore (189.5: Missed Weight) vs. Rodolfo Vieira (185),gore vs vieira,1,Tresean Gore,"Gore rakes Vieira in the eye, and Smith warns him to knock it off.",rakes Vieira in the eye,FALSE,TRUE,Round 2,"Gore misses a head kick by a matter of inches, and Vieira aims a right hand to the ribs and takes a right hand from the other direction. Vieira snaps the head back with a jab, and his leg kick is starting to give Gore issues. Gore rakes Vieira in the eye, and Smith warns him to knock it off. Vieira plants a one-two on the jaw, and Gore pushes off with his thumb that swipes the eyeball. Smith calls time, and he issues a hard warning to the fouling fighter."
UFC-whittaker-deridder-26-07-2025,Bryce Mitchell (136) vs. Said Nurmagomedov (136),mitchell vs nurmagomedov,1,Said Nurmagomedov,"Mitchell hangs on, and Nurmagomedov has his toes still hooked in the fence as Perdios has to smack his toes again to pull them out of it.",toes still hooked in the fence,FALSE,FALSE,Round 3,"Nurmagomedov grabs the fence again with his fingers, and Perdios swats his hand and then foot out of the links. Nurmagomedov turns to surrender his back in an effort to stand, but Mitchell is on him like a dog with a bone and he wraps up a body triangle around the Dagestan native's waist. Mitchell hangs on, and Nurmagomedov has his toes still hooked in the fence as Perdios has to smack his toes again to pull them out of it. They turn to an awkward position, and this 135-pound affair draws to a close. Sherdog Scores Jay Pettry scores the round: 10-9 Mitchell (29-28 Mitchell) Chris Laporte scores the round: 10-9 Mitchell (29-28 Mitchell) Tyler Treese scores the round: 10-9 Mitchell (29-28 Mitchell) The Official Result Bryce Mitchell def."
UFC-whittaker-deridder-26-07-2025,Bryce Mitchell (136) vs. Said Nurmagomedov (136),mitchell vs nurmagomedov,2,Said Nurmagomedov,"Nurmagomedov grabs the fence again with his fingers, and Perdios swats his hand and then foot out of the links.",grabs the fence,FALSE,FALSE,Round 3,"Mitchell holds on with an arm-triangle choke from the opposite side, and Nurmagomedov settles for kneeing him in the side a few times to little effect. Nurmagomedov is warned for putting his toes in the fence to pull himself to a more advantageous position. Nurmagomedov grabs the fence again with his fingers, and Perdios swats his hand and then foot out of the links. Nurmagomedov turns to surrender his back in an effort to stand, but Mitchell is on him like a dog with a bone and he wraps up a body triangle around the Dagestan native's waist. Mitchell hangs on, and Nurmagomedov has his toes still hooked in the fence as Perdios has to smack his toes again to pull them out of it."
UFC-whittaker-deridder-26-07-2025,Bryce Mitchell (136) vs. Said Nurmagomedov (136),mitchell vs nurmagomedov,3,Said Nurmagomedov,Nurmagomedov is warned for putting his toes in the fence to pull himself to a more advantageous position.,toes in the fence,FALSE,FALSE,Round 3,"Mitchell smothers his opponent, not otherwise attacking in terms of strikes or submissions, so that he can remain on top. Mitchell holds on with an arm-triangle choke from the opposite side, and Nurmagomedov settles for kneeing him in the side a few times to little effect. Nurmagomedov is warned for putting his toes in the fence to pull himself to a more advantageous position. Nurmagomedov grabs the fence again with his fingers, and Perdios swats his hand and then foot out of the links. Nurmagomedov turns to surrender his back in an effort to stand, but Mitchell is on him like a dog with a bone and he wraps up a body triangle around the Dagestan native's waist."
UFC-whittaker-deridder-26-07-2025,Ibo Aslan (204) vs. Billy Elekana (204.5),aslan vs elekana,1,Ibo Aslan,"An Aslan kick brushes the cup, and Elekana talks to him about it and gives him a front kick in the stomach to think about.",kick brushes the cup,FALSE,FALSE,Round 2,"Elekana probes out with a straight left hand, and it is a single attack that does not merit follow-up attention. Aslan surges forward behind fists, but Elekana dodges and counters with a right hook. An Aslan kick brushes the cup, and Elekana talks to him about it and gives him a front kick in the stomach to think about. Elekana lands at the end of a one-two, but Aslan ignores it and lobs an overhand right at him that goes wide. Aslan tries to reach his foe with overhand rights, but Elekana sees them coming and slips to the side."
UFC-whittaker-deridder-26-07-2025,Ibo Aslan (204) vs. Billy Elekana (204.5),aslan vs elekana,2,Ibo Aslan,"Aslan leads off with multiple low and body kicks, one of which jams into the groin cup.","kicks, one of which jams into the groin cup",FALSE,FALSE,Round 3,"Scores may be all over the place in these two rounds given the sheer lack of offense to tabulate. Sherdog Scores Jay Pettry scores the round: 10-9 Elekana Chris Laporte scores the round: 10-9 Elekana Tyler Treese scores the round: 10-9 Elekana Round 3 After two rounds of frantic, frenetic combat with maybe a dozen strikes landed from either fighter, they share an embrace. Aslan leads off with multiple low and body kicks, one of which jams into the groin cup. Elekana frowns, and after a few seconds of recovery time, he gets back to business, where Aslan kicks him nearly in the same spot. Elekana lands a body kick and wipes his feet, and he snaps out a jab as both fighters start chatting."
UFC-whittaker-deridder-26-07-2025,Ibo Aslan (204) vs. Billy Elekana (204.5),aslan vs elekana,3,Billy Elekana,"Elekana shoots for a single that fails almost as soon as he grabs hold of the Turkish fighter's leg, and front kicks from the fighters brush the cup again.",kicks from the fighters brush the cup,FALSE,FALSE,Round 2,"Aslan tries to reach his foe with overhand rights, but Elekana sees them coming and slips to the side. There is the occasional potshot from either side, but nothing significant that gets the other's attention. Elekana shoots for a single that fails almost as soon as he grabs hold of the Turkish fighter's leg, and front kicks from the fighters brush the cup again. Aslan shakes his cup and they do not stop, although given their lack of activity through nearly 10 minutes, it is tough to say they ever started. Aslan plods forward, looping a head kick at his foe that is easily blocked, and Elekana goes for a single that does not get completed because the round ends."
UFC-whittaker-deridder-26-07-2025,Martin Buday (266) vs. Marcus Almeida (254),buday vs almeida,1,Martin Buday,"Almeida opts to shell Buday on both sides of the head rather than going for a sub, and some of his blows land on the back of the head.",blows land on the back of the head,FALSE,FALSE,Round 2,"Almeida grips hold of a two-on-one wrist lock to set up a kimura, but Buday twist and turns his way out of it. As Buday scrambles, he inadvertently gives up his back while on his knees, and Almeida pounces like a hungry animal to finish his hunt for his prey. Almeida opts to shell Buday on both sides of the head rather than going for a sub, and some of his blows land on the back of the head. Buday scoots his way to the fencing in hopes of standing, and he takes advantage of a mistake from the grappler by hurling Almeida to his back. Almeida appears to be fading fast, laying flat on his back taking deep breaths."
UFC-whittaker-deridder-26-07-2025,Mohammad Yahya (146) vs. Steven Nguyen (145.5),yahya vs nguyen,1,Mohammad Yahya,"Yahya works his way back to his feet, takes an illegal knee on the chin and still manages to keep moving.",illegal knee,FALSE,FALSE,Round 1,"Referee Jason Herzog will be on guard for the featherweights, who opt to touch 'em up before getting started. Nguyen leads the dance almost instantly behind a low kick, and he counters a lazy body kick with a right hand that sends Yahya flying. Yahya works his way back to his feet, takes an illegal knee on the chin and still manages to keep moving. Nguyen is in his groove, as he puts punches together and knocks Yahya back to the wall. The combinations and hand speed of the American crack Yahya a second time, who falls to the mat for a moment before springing back up a second time."
UFC-whittaker-deridder-26-07-2025,Sharabutdin Magomedov (186) vs. Marc-Andre Barriault (185),magomedov vs barriault,1,Sharabutdin Magomedov,"Barriault succeeds in dragging ""Shara Bullet"" down, but Magomedov grabs the fence to pull himself up and is lightly chided for the infraction.",grabs the fence,FALSE,FALSE,Round 1,"Magomedov connects with a solid low kick, and he sways to avoid the worst of a left hand. Magomedov hacks at the lead leg with more kicks, with Barriault unable to pin him in place so he shoots for a double. Barriault succeeds in dragging ""Shara Bullet"" down, but Magomedov grabs the fence to pull himself up and is lightly chided for the infraction. When upright, Magomedov looses an unorthodox high kick, and he tries to time a jump knee when Barriault pressures him. Barriault avoids the knee and ties Magomedov up, and he is soon turned around and starts eating knees and elbows."
UFC318-holloway-poirier-19-07-2025,Kevin Holland (170) vs. Daniel Rodriguez (170),holland vs rodriguez,1,Daniel Rodriguez,"Beltran slaps his hands out of the cage grab, and Rodriguez advances to side control and then full mount with a minute to go.",cage grab,FALSE,FALSE,Round 3,"Holland wraps up a rear-naked choke but it is around the side, and Rodriguez is able to slide out of it and push past a triangle choke. Holland uses a high guard to hold on with a triangle choke that is more of a high guard than anything, and Rodriguez grabs the fence to get out of it. Beltran slaps his hands out of the cage grab, and Rodriguez advances to side control and then full mount with a minute to go. Rodriguez starts raining down a bombardment of punches, with Holland pushing off the cage wall with his feet while shelling up to guard his face. Holland rolls all the way over and shoots for a takedown of his own, and Rodriguez defends with a power guillotine choke and pushes Holland over to his back."
UFC318-holloway-poirier-19-07-2025,Kevin Holland (170) vs. Daniel Rodriguez (170),holland vs rodriguez,2,Daniel Rodriguez,"Holland uses a high guard to hold on with a triangle choke that is more of a high guard than anything, and Rodriguez grabs the fence to get out of it.",grabs the fence,FALSE,FALSE,Round 3,"A desperate Rodriguez tries to take the fight down, and Holland hurls him to his knees and is quick to force a back take. Holland wraps up a rear-naked choke but it is around the side, and Rodriguez is able to slide out of it and push past a triangle choke. Holland uses a high guard to hold on with a triangle choke that is more of a high guard than anything, and Rodriguez grabs the fence to get out of it. Beltran slaps his hands out of the cage grab, and Rodriguez advances to side control and then full mount with a minute to go. Rodriguez starts raining down a bombardment of punches, with Holland pushing off the cage wall with his feet while shelling up to guard his face."
UFC318-holloway-poirier-19-07-2025,Max Holloway (155) vs. Dustin Poirier (156),holloway vs poirier,1,Max Holloway,"Poirier sits down on a right hand that just misses the mark, and Holloway pushes off and his finger slides in the eye socket again.",eye poke,FALSE,TRUE,Round 5,"Holloway goes down the middle with three punches, and he blasts the body with a kick that makes Poirier say ""Nice!"" Holloway continues to pepper Poirier with distant strikes, and his head movement keeps him safe from the worst of what is still aimed at him. Poirier sits down on a right hand that just misses the mark, and Holloway pushes off and his finger slides in the eye socket again. Herzog calls time, and Holloway immediately apologizes. Poirier accepts it, and they get back to it with a high-five."
UFC318-holloway-poirier-19-07-2025,Michael Johnson (155) vs. Daniel Zellhuber (156),johnson vs zellhuber,1,Daniel Zellhuber,"Johnson sticks his opponent and moves quicker than Zellhuber can land on him, and he kicks Zellhuber in the stomach and might have landed to the groin.",landed to the groin,FALSE,FALSE,Round 3,"Johnson ducks in to land a left, and Zellhuber sharply jabs him back before kicking at Johnson's knee a few times. Johnson goes back to the ribcage with his fists, while Zellhuber is unloading kick after blocked kick. Johnson sticks his opponent and moves quicker than Zellhuber can land on him, and he kicks Zellhuber in the stomach and might have landed to the groin. Johnson trips awkwardly, and Zellhuber grabs him leaned over and considers a submission. Johnson breaks out of it, and he tries for one final attack, only to fall past his adversary as the fight comes to an end."
UFC318-holloway-poirier-19-07-2025,Vinicius Oliveira (136) vs. Kyler Phillips (135),oliveira vs phillips,1,Vinicius Oliveira,"Oliveira drives a front kick that sounds like it ricocheted off the cup, but Phillips does not express concern and shoots in for a takedown.",kick that sounds like it ricocheted off the cup,FALSE,FALSE,Round 1,"""LokDog"" gets off a front kick, and he takes a right hand on the temple. When Phillips misses on a punch, Oliveira tries to chase him down, but ""The Matrix"" is elusive as ever. Oliveira drives a front kick that sounds like it ricocheted off the cup, but Phillips does not express concern and shoots in for a takedown. Oliveira staves it off and absorbs a few kicks to the midsection. Phillips is on his bouncing bike, avoiding the worst of the Brazilian's right hands while not letting the kicks reach him either."
