"bout","sid","sentence","has_foul_raw","has_foul","rule_score","rule_conf","rule_reasons_pos","rule_reasons_neg","time_str","round_mentioned","event"
"Uran Satybaldiev (204) vs. Diyar Nurgozhay (205.5)",1,"Uran Satybaldiev (204) vs.",FALSE,FALSE,0,0.00669285092428486,"","gate_not_started",NA,NA,"UFC-walker-zhang-23-08-2025"
"Uran Satybaldiev (204) vs. Diyar Nurgozhay (205.5)",2,"Diyar Nurgozhay (205.5) Round 1 Greetings to those in the Western Hemisphere who love fisticuffs enough to tune in at 2 a.m.",FALSE,FALSE,0,0.00669285092428486,"","gate_not_started",NA,"Round 1","UFC-walker-zhang-23-08-2025"
"Uran Satybaldiev (204) vs. Diyar Nurgozhay (205.5)",3,"Eastern time, or wereâahemâshanghaied into being here, like your friendly neighborhood play-by-play man.",FALSE,FALSE,0,0.00669285092428486,"","gate_not_started",NA,"Round 1","UFC-walker-zhang-23-08-2025"
"Uran Satybaldiev (204) vs. Diyar Nurgozhay (205.5)",4,"First up in the world's second largest city is a light heavyweight clash between Kyrgyzstan's Satybaldiev and Kazakhstani propect Nurgozhay.",FALSE,FALSE,0,0.00669285092428486,"","gate_not_started",NA,"Round 1","UFC-walker-zhang-23-08-2025"
"Uran Satybaldiev (204) vs. Diyar Nurgozhay (205.5)",5,"Third man in the cage is the legendary Vitor ""Shaolin"" Ribeiro.",FALSE,FALSE,0,0.00669285092428486,"strong_anchor","gate_not_started",NA,"Round 1","UFC-walker-zhang-23-08-2025"
"Uran Satybaldiev (204) vs. Diyar Nurgozhay (205.5)",6,"Nurgozhay is southpaw, Satybaldiev orthodox, and they engage in a couple of awkward clashes near the center of the Octagon.",FALSE,FALSE,0,0.00669285092428486,"","gate_not_started",NA,"Round 1","UFC-walker-zhang-23-08-2025"
"Uran Satybaldiev (204) vs. Diyar Nurgozhay (205.5)",7,"Nurgozhay with a high kick that glances off the shoulder.",FALSE,FALSE,0,0.00669285092428486,"","gate_not_started",NA,"Round 1","UFC-walker-zhang-23-08-2025"
"Uran Satybaldiev (204) vs. Diyar Nurgozhay (205.5)",8,"A moment later, Satybaldiev walks him right onto a straight right hand that drops him in his tracks.",FALSE,FALSE,0,0.00669285092428486,"","gate_not_started",NA,"Round 1","UFC-walker-zhang-23-08-2025"
"Uran Satybaldiev (204) vs. Diyar Nurgozhay (205.5)",9,"Satybaldiev pounces, drops a few blows as Nurgozhay recovers, then applies a kimura as his foe tries to stand.",FALSE,FALSE,0,0.00669285092428486,"","gate_not_started",NA,"Round 1","UFC-walker-zhang-23-08-2025"
"Uran Satybaldiev (204) vs. Diyar Nurgozhay (205.5)",10,"Satybaldiev holds onto the arm and looks to have his man in danger, but Nurgozhay extricates his limb.Satybaldiev takes top position, applies an Ezekiel choke, and after a few moments' adjustment, elicits the tap.Impressive work by Uran Satybaldiev, who may not have absorbed a single significant strike on his way to the win. (function (v,i) { let screenWidth = i.innerWidth; if (screenWidth <= 400) { document.getElementById('adViAi').style.display = 'none'; return; } var scp = v.createElement('script'), config = { ChannelID: '0nqr3w5ff', AdUnitType: '2', PublisherID: '256607409443141', PlacementID: 'pltU2JIgmaTXI9XW18z', DivID: '', IAB_Category: 'IAB17', Keywords: '', Language: 'en-us', BG_Color: '', Text_Color: '', Font: '', FontSize: '', }; scp.src='https://s.vi-serve.com/tagLoader.js'; scp.type = 'text/javascript'; scp.async = true; scp.onload = function() { i[btoa('video intelligence start')].init(config); }; (v.getElementsByTagName('head')[0] || v.documentElement.appendChild(v.createElement('head'))).appendChild(scp); })(document, window); Advertisement The Official Result Uran Satybaldiev def.",FALSE,FALSE,0,0.00669285092428486,"","gate_not_started",NA,"Round 1","UFC-walker-zhang-23-08-2025"
"Uran Satybaldiev (204) vs. Diyar Nurgozhay (205.5)",11,"Diyar Nurgozhay R1 2:45 via Submission (Ezekiel Choke)",FALSE,FALSE,0,0.00669285092428486,"","","2:45","Round 1","UFC-walker-zhang-23-08-2025"
"Long Xiao (136) vs. Su Young You (135.5)",1,"Long Xiao (136) vs.",FALSE,FALSE,0,0.00669285092428486,"","gate_not_started",NA,NA,"UFC-walker-zhang-23-08-2025"
"Long Xiao (136) vs. Su Young You (135.5)",2,"Su Young You (135.5) Round 1 It's China vs.",FALSE,FALSE,0,0.00669285092428486,"","gate_not_started",NA,"Round 1","UFC-walker-zhang-23-08-2025"
"Long Xiao (136) vs. Su Young You (135.5)",3,"Korea at bantamweight, as Road to UFC winner Su Young You tries to ruin the home date for Long Xiao, who has yet to face a non-Asian fighter through five matchups in Road to UFC and UFC.",FALSE,FALSE,0,0.00669285092428486,"","gate_not_started",NA,"Round 1","UFC-walker-zhang-23-08-2025"
"Long Xiao (136) vs. Su Young You (135.5)",4,"Referee assignment will fall to Jim Perdios.",FALSE,FALSE,0,0.00669285092428486,"","",NA,"Round 1","UFC-walker-zhang-23-08-2025"
"Long Xiao (136) vs. Su Young You (135.5)",5,"Xiao comes right out hot, throwing a flying knee that comes up short but lets everyone in the building know what's up.",FALSE,FALSE,0,0.00669285092428486,"","",NA,"Round 1","UFC-walker-zhang-23-08-2025"
"Long Xiao (136) vs. Su Young You (135.5)",6,"Unfortunately, that's the only strike thrown for the next 15 seconds.",FALSE,FALSE,0,0.00669285092428486,"","",NA,"Round 1","UFC-walker-zhang-23-08-2025"
"Long Xiao (136) vs. Su Young You (135.5)",7,"Both men are in orthodox stance, and both miss with low kicks as they feel out the range.",FALSE,FALSE,0,0.00669285092428486,"","",NA,"Round 1","UFC-walker-zhang-23-08-2025"
"Long Xiao (136) vs. Su Young You (135.5)",8,"You creeps forward, but Xiao gives ground, feinting.",FALSE,FALSE,0,0.00669285092428486,"","",NA,"Round 1","UFC-walker-zhang-23-08-2025"
"Long Xiao (136) vs. Su Young You (135.5)",9,"You steps into the pocket, clinches and runs his foe toward the cage.",FALSE,FALSE,20,0.0474258731775668,"strong_anchor","",NA,"Round 1","UFC-walker-zhang-23-08-2025"
"Long Xiao (136) vs. Su Young You (135.5)",10,"Xiao refuses to be shoved into the fence, and they disengage without any damage.",FALSE,FALSE,20,0.0474258731775668,"strong_anchor","",NA,"Round 1","UFC-walker-zhang-23-08-2025"
"Long Xiao (136) vs. Su Young You (135.5)",11,"Halfway through the round, the awkward stalemate continues, but Xiao snaps You's head back with a jab, eliciting a roar from the crowd.",FALSE,FALSE,0,0.00669285092428486,"","",NA,"Round 1","UFC-walker-zhang-23-08-2025"
"Long Xiao (136) vs. Su Young You (135.5)",12,"You retaliates with a sharp counter right.",FALSE,FALSE,0,0.00669285092428486,"","",NA,"Round 1","UFC-walker-zhang-23-08-2025"
"Long Xiao (136) vs. Su Young You (135.5)",13,"Under a minute to go and both fighters are antsy, swinging harder but still missing for the most part.",FALSE,FALSE,0,0.00669285092428486,"","",NA,"Round 1","UFC-walker-zhang-23-08-2025"
"Long Xiao (136) vs. Su Young You (135.5)",14,"Xiao lands a good shot upstairs and a glancing low kick.",FALSE,FALSE,0,0.00669285092428486,"","",NA,"Round 1","UFC-walker-zhang-23-08-2025"
"Long Xiao (136) vs. Su Young You (135.5)",15,"The horn sounds on a tense, tentative five minutes.10-9 You.",FALSE,FALSE,0,0.00669285092428486,"","",NA,"Round 1","UFC-walker-zhang-23-08-2025"
"Long Xiao (136) vs. Su Young You (135.5)",16,"Round 2 Xiao is again the aggressor to open Round 2.",FALSE,FALSE,0,0.00669285092428486,"","",NA,"Round 2","UFC-walker-zhang-23-08-2025"
"Long Xiao (136) vs. Su Young You (135.5)",17,"You tries a level change, but Xiao is all over it and You bails.",FALSE,FALSE,0,0.00669285092428486,"","",NA,"Round 2","UFC-walker-zhang-23-08-2025"
"Long Xiao (136) vs. Su Young You (135.5)",18,"Xiao leaps into range and eats a hard but glancing right hand.",FALSE,FALSE,0,0.00669285092428486,"","",NA,"Round 2","UFC-walker-zhang-23-08-2025"
"Long Xiao (136) vs. Su Young You (135.5)",19,"Xiao comes crashing in again and both men land in the ensuing flurry, You perhaps a bit more cleanly.",FALSE,FALSE,0,0.00669285092428486,"","",NA,"Round 2","UFC-walker-zhang-23-08-2025"
"Long Xiao (136) vs. Su Young You (135.5)",20,"Xiao clinches and You mugs him with a couple of nice uppercuts.",FALSE,FALSE,0,0.00669285092428486,"","injury_eye_context|injury_stoppage",NA,"Round 2","UFC-walker-zhang-23-08-2025"
"Long Xiao (136) vs. Su Young You (135.5)",21,"Xiao waves his hands in the air, then steps in with a big high kick that clatters off the raised guard of You.",FALSE,FALSE,0,0.00669285092428486,"","",NA,"Round 2","UFC-walker-zhang-23-08-2025"
"Long Xiao (136) vs. Su Young You (135.5)",22,"You steps forward and clocks Xiao with a right hand, but takes two punches in return.",FALSE,FALSE,0,0.00669285092428486,"","",NA,"Round 2","UFC-walker-zhang-23-08-2025"
"Long Xiao (136) vs. Su Young You (135.5)",23,"Xiao goes back to his kung fu movie-like feinting, which he interrupts with a flurry of punches.",FALSE,FALSE,0,0.00669285092428486,"","",NA,"Round 2","UFC-walker-zhang-23-08-2025"
"Long Xiao (136) vs. Su Young You (135.5)",24,"You calmly counters him with a clean right hand.",FALSE,FALSE,0,0.00669285092428486,"","",NA,"Round 2","UFC-walker-zhang-23-08-2025"
"Long Xiao (136) vs. Su Young You (135.5)",25,"You clinches and drives Xiao to the cage with under a minute left.",FALSE,FALSE,20,0.0474258731775668,"strong_anchor","",NA,"Round 2","UFC-walker-zhang-23-08-2025"
"Long Xiao (136) vs. Su Young You (135.5)",26,"He can't secure a takedown, and they disengage.",FALSE,FALSE,0,0.00669285092428486,"","",NA,"Round 2","UFC-walker-zhang-23-08-2025"
"Long Xiao (136) vs. Su Young You (135.5)",27,"Xiao clocks You with a hard right hand, then comes up short with another flying knee.",FALSE,FALSE,0,0.00669285092428486,"","",NA,"Round 2","UFC-walker-zhang-23-08-2025"
"Long Xiao (136) vs. Su Young You (135.5)",28,"The horn sounds.10-9 Xiao.",FALSE,FALSE,0,0.00669285092428486,"","",NA,"Round 2","UFC-walker-zhang-23-08-2025"
"Long Xiao (136) vs. Su Young You (135.5)",29,"Round 3 Round 3 opens up with yet another dash by Xiao.",FALSE,FALSE,0,0.00669285092428486,"","",NA,"Round 3","UFC-walker-zhang-23-08-2025"
"Long Xiao (136) vs. Su Young You (135.5)",30,"Xiao throws three big haymakers, all of which You slips with ease, then comes back with a right hand that lands.",FALSE,FALSE,0,0.00669285092428486,"","",NA,"Round 3","UFC-walker-zhang-23-08-2025"
"Long Xiao (136) vs. Su Young You (135.5)",31,"Perdios pauses the action to caution Xiao for grabbing his foe's shorts in the clinch.",FALSE,FALSE,0,0.00669285092428486,"","",NA,"Round 3","UFC-walker-zhang-23-08-2025"
"Long Xiao (136) vs. Su Young You (135.5)",32,"They clinch again near the middle of the cage and You, who has yet to secure a takedown, comes up short again.",FALSE,FALSE,20,0.0474258731775668,"strong_anchor","",NA,"Round 3","UFC-walker-zhang-23-08-2025"
"Long Xiao (136) vs. Su Young You (135.5)",33,"Xiao shucks him off and lands a three-piece punch combination.",FALSE,FALSE,0,0.00669285092428486,"","",NA,"Round 3","UFC-walker-zhang-23-08-2025"
"Long Xiao (136) vs. Su Young You (135.5)",34,"You steps back into the phone booth and they exchange punches.",FALSE,FALSE,0,0.00669285092428486,"","",NA,"Round 3","UFC-walker-zhang-23-08-2025"
"Long Xiao (136) vs. Su Young You (135.5)",35,"Xiao shoves You to the fence, sticking his head under the Korean's chin and throwing short punches to the body.",FALSE,FALSE,20,0.0474258731775668,"strong_anchor","",NA,"Round 3","UFC-walker-zhang-23-08-2025"
"Long Xiao (136) vs. Su Young You (135.5)",36,"They break away from the cage and return to the middle of the cage with 90 seconds left.",FALSE,FALSE,20,0.0474258731775668,"strong_anchor","",NA,"Round 3","UFC-walker-zhang-23-08-2025"
"Long Xiao (136) vs. Su Young You (135.5)",37,"It's a hockey fight, with both 135ers grabbing an underhook and punching with the free hand.",FALSE,FALSE,0,0.00669285092428486,"","",NA,"Round 3","UFC-walker-zhang-23-08-2025"
"Long Xiao (136) vs. Su Young You (135.5)",38,"Under 45 seconds to go and they're still in the phone booth.",FALSE,FALSE,0,0.00669285092428486,"","",NA,"Round 3","UFC-walker-zhang-23-08-2025"
"Long Xiao (136) vs. Su Young You (135.5)",39,"This one's getting nasty, as Xiao is throwing a stream of level elbows, getting the better of things as the horn sounds.10-9 Xiao (29-28 Xiao).",FALSE,FALSE,0,0.00669285092428486,"","",NA,"Round 3","UFC-walker-zhang-23-08-2025"
"Long Xiao (136) vs. Su Young You (135.5)",40,"The Official Result Su Young You def.",FALSE,FALSE,0,0.00669285092428486,"","",NA,"Round 3","UFC-walker-zhang-23-08-2025"
"Long Xiao (136) vs. Su Young You (135.5)",41,"Long Xiao via Unanimous Decision (29-28, 29-28, 29-28)",FALSE,FALSE,0,0.00669285092428486,"","",NA,"Round 3","UFC-walker-zhang-23-08-2025"
"Zha Yi (145) vs. Westin Wilson (146)",1,"Zha Yi (145) vs.",FALSE,FALSE,0,0.00669285092428486,"","gate_not_started",NA,NA,"UFC-walker-zhang-23-08-2025"
"Zha Yi (145) vs. Westin Wilson (146)",2,"Westin Wilson (146) Round 1 The third fight up at UFC Shanghai sees the first American fighter enter the cage, as Westin Wilson squares off against Zha Yi.",FALSE,FALSE,0,0.00669285092428486,"strong_anchor","gate_not_started",NA,"Round 1","UFC-walker-zhang-23-08-2025"
"Zha Yi (145) vs. Westin Wilson (146)",3,"Keeping things clean in the cage will be the first U.S. referee of the evening, in the form of the famous Herb Dean.",FALSE,FALSE,20,0.0474258731775668,"strong_anchor","",NA,"Round 1","UFC-walker-zhang-23-08-2025"
"Zha Yi (145) vs. Westin Wilson (146)",4,"They touch gloves and go to work in matching southpaw stances.",FALSE,FALSE,0,0.00669285092428486,"","",NA,"Round 1","UFC-walker-zhang-23-08-2025"
"Zha Yi (145) vs. Westin Wilson (146)",5,"Wilson comes in with his hands low and Yi punishes him immediately, nailing him with a long overhand left.",FALSE,FALSE,0,0.00669285092428486,"","",NA,"Round 1","UFC-walker-zhang-23-08-2025"
"Zha Yi (145) vs. Westin Wilson (146)",6,"Wilson fails to adjust and Yi crushes him with another, identical left.",FALSE,FALSE,0,0.00669285092428486,"","",NA,"Round 1","UFC-walker-zhang-23-08-2025"
"Zha Yi (145) vs. Westin Wilson (146)",7,"Wilson is hurt, but still on his feet.Yi backs him up to the fence and closes things out with a third left hand, then a digging right as Wilson slumps against the cage, already out.Devastating work by Zha Yi, and the crowd goes wild!",FALSE,FALSE,20,0.0474258731775668,"strong_anchor","",NA,"Round 1","UFC-walker-zhang-23-08-2025"
"Zha Yi (145) vs. Westin Wilson (146)",8,"The Official Result Zha Yi def.",FALSE,FALSE,0,0.00669285092428486,"","",NA,"Round 1","UFC-walker-zhang-23-08-2025"
"Zha Yi (145) vs. Westin Wilson (146)",9,"Westin Wilson R1 0:37 via KO (Punches)",FALSE,FALSE,0,0.00669285092428486,"","","0:37","Round 1","UFC-walker-zhang-23-08-2025"
"Michel Pereira (186) vs. Kyle Daukaus (185)",1,"Michel Pereira (186) vs.",FALSE,FALSE,0,0.00669285092428486,"","gate_not_started",NA,NA,"UFC-walker-zhang-23-08-2025"
"Michel Pereira (186) vs. Kyle Daukaus (185)",2,"Kyle Daukaus (185) Round 1 The younger Daukaus brother returns to the UFC after a mixed first run in the Octagon followed a second middleweight title win inCage Fury Fighting Championshipsafter his release.",FALSE,FALSE,0,0.00669285092428486,"strong_anchor","gate_not_started",NA,"Round 1","UFC-walker-zhang-23-08-2025"
"Michel Pereira (186) vs. Kyle Daukaus (185)",3,"Tasked with getting Daukaus' second stint off to a bad start will be noted Brazilian madman Pereira.",FALSE,FALSE,0,0.00669285092428486,"","gate_not_started",NA,"Round 1","UFC-walker-zhang-23-08-2025"
"Michel Pereira (186) vs. Kyle Daukaus (185)",4,"The referee on duty is Marc Goddard.",FALSE,FALSE,0,0.00669285092428486,"","",NA,"Round 1","UFC-walker-zhang-23-08-2025"
"Michel Pereira (186) vs. Kyle Daukaus (185)",5,"Daukaus is southpaw, Pereira orthodox.",FALSE,FALSE,0,0.00669285092428486,"","",NA,"Round 1","UFC-walker-zhang-23-08-2025"
"Michel Pereira (186) vs. Kyle Daukaus (185)",6,"Daukaus stalks forward and Pereira gives ground.",FALSE,FALSE,0,0.00669285092428486,"","",NA,"Round 1","UFC-walker-zhang-23-08-2025"
"Michel Pereira (186) vs. Kyle Daukaus (185)",7,"Pereira nails Daukaus with a huge body kick, but he wears it well.Seconds later, Daukaus clips the onrushing ""Demolidor"" with a short right hook to the jaw that drops him to his butt.",FALSE,FALSE,0,0.00669285092428486,"","",NA,"Round 1","UFC-walker-zhang-23-08-2025"
"Michel Pereira (186) vs. Kyle Daukaus (185)",8,"Pereira tries to rally, but Daukaus pounces with a couple of glancing fists, then three jackhammer elbows that spur Goddard into action for the save.Sensational knockout and a triumphant return for ""The D'Arce Knight,"" and for those keeping track at home, that makes two sub-minute finishes in the first four fights at UFC Shanghai.",FALSE,FALSE,0,0.00669285092428486,"","",NA,"Round 1","UFC-walker-zhang-23-08-2025"
"Michel Pereira (186) vs. Kyle Daukaus (185)",9,"Yes, please.",FALSE,FALSE,0,0.00669285092428486,"","",NA,"Round 1","UFC-walker-zhang-23-08-2025"
"Michel Pereira (186) vs. Kyle Daukaus (185)",10,"The Official Result Kyle Daukaus def.",FALSE,FALSE,0,0.00669285092428486,"","",NA,"Round 1","UFC-walker-zhang-23-08-2025"
"Michel Pereira (186) vs. Kyle Daukaus (185)",11,"Michel Pereira R1 0:43 via KO (Punches and Elbows)",FALSE,FALSE,0,0.00669285092428486,"","","0:43","Round 1","UFC-walker-zhang-23-08-2025"
"Zhu Rong (155.5) vs. Austin Hubbard (155.5)",1,"Zhu Rong (155.5) vs.",FALSE,FALSE,0,0.00669285092428486,"","gate_not_started",NA,NA,"UFC-walker-zhang-23-08-2025"
"Zhu Rong (155.5) vs. Austin Hubbard (155.5)",2,"Austin Hubbard (155.5) Round 1 Second-chance lightweights meet next in Shanghai, but the similarities end there: Hubbard's second stint in the UFC has landed with a thud so far, going 1-3, while Rong is 4-1 since his return, including his bouts in ""Road to UFC"" Season 2.",FALSE,FALSE,0,0.00669285092428486,"","gate_not_started",NA,"Round 1","UFC-walker-zhang-23-08-2025"
"Zhu Rong (155.5) vs. Austin Hubbard (155.5)",3,"""Shaolin"" Ribeiro is back on duty as your referee.",FALSE,FALSE,0,0.00669285092428486,"","",NA,"Round 1","UFC-walker-zhang-23-08-2025"
"Zhu Rong (155.5) vs. Austin Hubbard (155.5)",4,"Both men are in orthodox stance to start things off.",FALSE,FALSE,0,0.00669285092428486,"","",NA,"Round 1","UFC-walker-zhang-23-08-2025"
"Zhu Rong (155.5) vs. Austin Hubbard (155.5)",5,"Hubbard misses on a big overhand, then comes forward and appears to consider a knee pick.",FALSE,FALSE,0,0.00669285092428486,"","",NA,"Round 1","UFC-walker-zhang-23-08-2025"
"Zhu Rong (155.5) vs. Austin Hubbard (155.5)",6,"Rong sidesteps easily.",FALSE,FALSE,0,0.00669285092428486,"","",NA,"Round 1","UFC-walker-zhang-23-08-2025"
"Zhu Rong (155.5) vs. Austin Hubbard (155.5)",7,"Rong snaps out a nice jab and evades another grab at his lead leg.",FALSE,FALSE,0,0.00669285092428486,"","",NA,"Round 1","UFC-walker-zhang-23-08-2025"
"Zhu Rong (155.5) vs. Austin Hubbard (155.5)",8,"Hubbard lands a one-two to the midsection.",FALSE,FALSE,0,0.00669285092428486,"","",NA,"Round 1","UFC-walker-zhang-23-08-2025"
"Zhu Rong (155.5) vs. Austin Hubbard (155.5)",9,"Rong with a hard kick to Hubbard's lead left leg, but Hubbard counters with a pair of punches upstairs.",FALSE,FALSE,0,0.00669285092428486,"","",NA,"Round 1","UFC-walker-zhang-23-08-2025"
"Zhu Rong (155.5) vs. Austin Hubbard (155.5)",10,"Rong hits him with another leg kick that takes him off-balance, then another.",FALSE,FALSE,0,0.00669285092428486,"","",NA,"Round 1","UFC-walker-zhang-23-08-2025"
"Zhu Rong (155.5) vs. Austin Hubbard (155.5)",11,"Hubbard is standing in the pocket, trying to meet fire with fire, but Rong's hand speed is giving him trouble.",FALSE,FALSE,0,0.00669285092428486,"","",NA,"Round 1","UFC-walker-zhang-23-08-2025"
"Zhu Rong (155.5) vs. Austin Hubbard (155.5)",12,"Ribeiro pauses the action after a glancing blow to the cup by Rong.",TRUE,TRUE,100,0.993307149075715,"strong_anchor|foul_language|foul_re_hit","",NA,"Round 1","UFC-walker-zhang-23-08-2025"
"Zhu Rong (155.5) vs. Austin Hubbard (155.5)",13,"They go back to work with two minutes to go, and Rong immediately goes back to work on the lead leg of his foe.",FALSE,FALSE,0,0.00669285092428486,"","",NA,"Round 1","UFC-walker-zhang-23-08-2025"
"Zhu Rong (155.5) vs. Austin Hubbard (155.5)",14,"Hubbard switches stances momentarily, but goes orthodox again.",FALSE,FALSE,0,0.00669285092428486,"","",NA,"Round 1","UFC-walker-zhang-23-08-2025"
"Zhu Rong (155.5) vs. Austin Hubbard (155.5)",15,"Rong nails him with another low kick.",FALSE,FALSE,0,0.00669285092428486,"","",NA,"Round 1","UFC-walker-zhang-23-08-2025"
"Zhu Rong (155.5) vs. Austin Hubbard (155.5)",16,"Hubbard changes levels and plows Rong to his seat.",FALSE,FALSE,0,0.00669285092428486,"","",NA,"Round 1","UFC-walker-zhang-23-08-2025"
"Zhu Rong (155.5) vs. Austin Hubbard (155.5)",17,"Rong scoots all the way back to the fence, where he tries to stand.",FALSE,FALSE,20,0.0474258731775668,"strong_anchor","",NA,"Round 1","UFC-walker-zhang-23-08-2025"
"Zhu Rong (155.5) vs. Austin Hubbard (155.5)",18,"Hubbard attempts to take his back as he stands, but he spins out of the American's grasp.",FALSE,FALSE,0,0.00669285092428486,"","",NA,"Round 1","UFC-walker-zhang-23-08-2025"
"Zhu Rong (155.5) vs. Austin Hubbard (155.5)",19,"They return to the center of the cage just before the horn.10-9 Rong.",FALSE,FALSE,20,0.0474258731775668,"strong_anchor","",NA,"Round 1","UFC-walker-zhang-23-08-2025"
"Zhu Rong (155.5) vs. Austin Hubbard (155.5)",20,"Round 2 Rong wastes no time in going back to work on Hubbard's lead leg, building on the damage of what looked like at least a dozen low kicks in Round 1.",FALSE,FALSE,0,0.00669285092428486,"","",NA,"Round 2","UFC-walker-zhang-23-08-2025"
"Zhu Rong (155.5) vs. Austin Hubbard (155.5)",21,"Hubbard ducks a punch, shoots onto Rong's hips and drives him to the canvas at the base of the fence.",FALSE,FALSE,20,0.0474258731775668,"strong_anchor","",NA,"Round 2","UFC-walker-zhang-23-08-2025"
"Zhu Rong (155.5) vs. Austin Hubbard (155.5)",22,"Rong gets back to his feet with Hubbard clinging to his back.",FALSE,FALSE,0,0.00669285092428486,"","reaction_only|gate_reaction_only",NA,"Round 2","UFC-walker-zhang-23-08-2025"
"Zhu Rong (155.5) vs. Austin Hubbard (155.5)",23,"He escapes the grasp but eats a knee as they disengage.",FALSE,FALSE,0,0.00669285092428486,"","",NA,"Round 2","UFC-walker-zhang-23-08-2025"
"Zhu Rong (155.5) vs. Austin Hubbard (155.5)",24,"Rong sets up in the middle of the cage and walks into a boot up the middle.",FALSE,FALSE,20,0.0474258731775668,"strong_anchor","",NA,"Round 2","UFC-walker-zhang-23-08-2025"
"Zhu Rong (155.5) vs. Austin Hubbard (155.5)",25,"Rong lands a jab and a low kick.",FALSE,FALSE,0,0.00669285092428486,"","",NA,"Round 2","UFC-walker-zhang-23-08-2025"
"Zhu Rong (155.5) vs. Austin Hubbard (155.5)",26,"Hubbard takes the center of the Octagon and sticks Rong with a one-two.",FALSE,FALSE,0,0.00669285092428486,"","",NA,"Round 2","UFC-walker-zhang-23-08-2025"
"Zhu Rong (155.5) vs. Austin Hubbard (155.5)",27,"With under half the round to go, the lightweights are exchanging punch combinations in space.",FALSE,FALSE,0,0.00669285092428486,"","",NA,"Round 2","UFC-walker-zhang-23-08-2025"
"Zhu Rong (155.5) vs. Austin Hubbard (155.5)",28,"Rong's kicking offense has all but dried up, as he focuses on matching Hubbard's work upstairs.",FALSE,FALSE,0,0.00669285092428486,"","",NA,"Round 2","UFC-walker-zhang-23-08-2025"
"Zhu Rong (155.5) vs. Austin Hubbard (155.5)",29,"Hubbard shoots a single-leg with 45 seconds to go, but Rong turns away, limp-legs and extricates the limb.",FALSE,FALSE,0,0.00669285092428486,"","",NA,"Round 2","UFC-walker-zhang-23-08-2025"
"Zhu Rong (155.5) vs. Austin Hubbard (155.5)",30,"Hubbard with another takedown attempt at the clapper, but Rong sprawls nicely and they return to their feet right before the round expires.10-9 Hubbard.",FALSE,FALSE,0,0.00669285092428486,"","",NA,"Round 2","UFC-walker-zhang-23-08-2025"
"Zhu Rong (155.5) vs. Austin Hubbard (155.5)",31,"Round 3 It's still anyone's fightâon our scorecard, at leastâas Rong and Hubbard come out for the final frame.",FALSE,FALSE,0,0.00669285092428486,"","",NA,"Round 3","UFC-walker-zhang-23-08-2025"
"Zhu Rong (155.5) vs. Austin Hubbard (155.5)",32,"Both men are fighting like it as well; while the pace is deliberate, both fighters are swinging hard.",FALSE,FALSE,0,0.00669285092428486,"","",NA,"Round 3","UFC-walker-zhang-23-08-2025"
"Zhu Rong (155.5) vs. Austin Hubbard (155.5)",33,"Hubbard goes down in a collision, off balance more than hurt.",FALSE,FALSE,0,0.00669285092428486,"","",NA,"Round 3","UFC-walker-zhang-23-08-2025"
"Zhu Rong (155.5) vs. Austin Hubbard (155.5)",34,"Hubbard changes levels for a takedown, but Rong sprawls and Hubbard does not force the issue.",FALSE,FALSE,0,0.00669285092428486,"","",NA,"Round 3","UFC-walker-zhang-23-08-2025"
"Zhu Rong (155.5) vs. Austin Hubbard (155.5)",35,"Rong catches Hubbard with a flush right hand that might be the best single strike of the fight so far, but ""Thud"" weathers it without apparent ill effect.",FALSE,FALSE,0,0.00669285092428486,"","",NA,"Round 3","UFC-walker-zhang-23-08-2025"
"Zhu Rong (155.5) vs. Austin Hubbard (155.5)",36,"Hubbard tries for another takedown and again is denied easily.",FALSE,FALSE,0,0.00669285092428486,"","",NA,"Round 3","UFC-walker-zhang-23-08-2025"
"Zhu Rong (155.5) vs. Austin Hubbard (155.5)",37,"Rong tags him with another big punch, this time hurting him.",FALSE,FALSE,0,0.00669285092428486,"","",NA,"Round 3","UFC-walker-zhang-23-08-2025"
"Zhu Rong (155.5) vs. Austin Hubbard (155.5)",38,"Hubbard tries to meet Rong with a knee, but comes up short, and Rong nails him with another solid shot to the head.",FALSE,FALSE,0,0.00669285092428486,"","",NA,"Round 3","UFC-walker-zhang-23-08-2025"
"Zhu Rong (155.5) vs. Austin Hubbard (155.5)",39,"Hubbard with another takedown attempt that goes nowhere.",FALSE,FALSE,0,0.00669285092428486,"","",NA,"Round 3","UFC-walker-zhang-23-08-2025"
"Zhu Rong (155.5) vs. Austin Hubbard (155.5)",40,"A minute to go in the fight and Rong pushes Hubbard to the canvas off-balance after a missed knee strike.",FALSE,FALSE,0,0.00669285092428486,"","",NA,"Round 3","UFC-walker-zhang-23-08-2025"
"Zhu Rong (155.5) vs. Austin Hubbard (155.5)",41,"Rong meets Hubbard with yet another clean punch to the face.",FALSE,FALSE,0,0.00669285092428486,"","",NA,"Round 3","UFC-walker-zhang-23-08-2025"
"Zhu Rong (155.5) vs. Austin Hubbard (155.5)",42,"Rong turns it up, coming forward and landing punches.",FALSE,FALSE,0,0.00669285092428486,"","",NA,"Round 3","UFC-walker-zhang-23-08-2025"
"Zhu Rong (155.5) vs. Austin Hubbard (155.5)",43,"Rong points to the canvas with 10 seconds left, but Hubbard does not engage.",FALSE,FALSE,0,0.00669285092428486,"","",NA,"Round 3","UFC-walker-zhang-23-08-2025"
"Zhu Rong (155.5) vs. Austin Hubbard (155.5)",44,"The final horn sounds.10-9 Rong (29-28 Rong).",FALSE,FALSE,0,0.00669285092428486,"","",NA,"Round 3","UFC-walker-zhang-23-08-2025"
"Zhu Rong (155.5) vs. Austin Hubbard (155.5)",45,"The Official Result Zhu Rong def.",FALSE,FALSE,0,0.00669285092428486,"","",NA,"Round 3","UFC-walker-zhang-23-08-2025"
"Zhu Rong (155.5) vs. Austin Hubbard (155.5)",46,"Austin Hubbard via Unanimous Decision (29-28, 30-27, 29-28)",FALSE,FALSE,0,0.00669285092428486,"","",NA,"Round 3","UFC-walker-zhang-23-08-2025"
"Charles Johnson (126) vs. Lone'er Kavanagh (126)",1,"Charles Johnson (126) vs.",FALSE,FALSE,0,0.00669285092428486,"","gate_not_started",NA,NA,"UFC-walker-zhang-23-08-2025"
"Charles Johnson (126) vs. Lone'er Kavanagh (126)",2,"Lone'er Kavanagh (126) Round 1 Blue-chip flyweight Kavanagh will look to keep his professional record spotless against Johnson, who saw a four-fight win streak snapped at UFC Vegas 103 in March.",FALSE,FALSE,0,0.00669285092428486,"","gate_not_started",NA,"Round 1","UFC-walker-zhang-23-08-2025"
"Charles Johnson (126) vs. Lone'er Kavanagh (126)",3,"The third man in the Octagon will be Jim Perdios.",FALSE,FALSE,0,0.00669285092428486,"","gate_not_started",NA,"Round 1","UFC-walker-zhang-23-08-2025"
"Charles Johnson (126) vs. Lone'er Kavanagh (126)",4,"Johnson is southpaw, Kavanagh orthodox to start things off, but Johnson is fluid, switching briefly to match his foe.",FALSE,FALSE,0,0.00669285092428486,"","gate_not_started",NA,"Round 1","UFC-walker-zhang-23-08-2025"
"Charles Johnson (126) vs. Lone'er Kavanagh (126)",5,"Kavanagh catches him mid-switch with a leg kick that nearly takes him off his feet.",FALSE,FALSE,0,0.00669285092428486,"","gate_not_started",NA,"Round 1","UFC-walker-zhang-23-08-2025"
"Charles Johnson (126) vs. Lone'er Kavanagh (126)",6,"Johnson throws up a half-speed body kick to the open side, and Kavanagh comes back with a much harder one that hurts the taller man.",FALSE,FALSE,0,0.00669285092428486,"","gate_not_started",NA,"Round 1","UFC-walker-zhang-23-08-2025"
"Charles Johnson (126) vs. Lone'er Kavanagh (126)",7,"Kavanagh with a stiff leg kick.",FALSE,FALSE,0,0.00669285092428486,"","gate_not_started",NA,"Round 1","UFC-walker-zhang-23-08-2025"
"Charles Johnson (126) vs. Lone'er Kavanagh (126)",8,"Johnson is reeling from the speed and power of Kavanagh's kicks.",FALSE,FALSE,0,0.00669285092428486,"","gate_not_started",NA,"Round 1","UFC-walker-zhang-23-08-2025"
"Charles Johnson (126) vs. Lone'er Kavanagh (126)",9,"Kavanagh lands two more hard body kicks, and Johnson clinches and drives him to the fence.",FALSE,FALSE,0,0.00669285092428486,"strong_anchor","gate_not_started",NA,"Round 1","UFC-walker-zhang-23-08-2025"
"Charles Johnson (126) vs. Lone'er Kavanagh (126)",10,"They disengage a moment later and trade kicks in open space.",FALSE,FALSE,0,0.00669285092428486,"","gate_not_started",NA,"Round 1","UFC-walker-zhang-23-08-2025"
"Charles Johnson (126) vs. Lone'er Kavanagh (126)",11,"Johnson takes the front foot, marching forward, and Kavanagh meets him with a pair of hooks to the head.",FALSE,FALSE,0,0.00669285092428486,"","gate_not_started",NA,"Round 1","UFC-walker-zhang-23-08-2025"
"Charles Johnson (126) vs. Lone'er Kavanagh (126)",12,"Johnson shakes them off and keeps coming forward, but Kavanagh is picking him apart with kicks to the legs and body, interspersed with punches upstairs.",FALSE,FALSE,0,0.00669285092428486,"","gate_not_started",NA,"Round 1","UFC-walker-zhang-23-08-2025"
"Charles Johnson (126) vs. Lone'er Kavanagh (126)",13,"The horn sounds.10-9 Kavanagh.",FALSE,FALSE,0,0.00669285092428486,"","gate_not_started",NA,"Round 1","UFC-walker-zhang-23-08-2025"
"Charles Johnson (126) vs. Lone'er Kavanagh (126)",14,"Round 2 They touch gloves to open Round 2 and Johnson is immediately on the offensive, coming forward with long kicks up the middle.",FALSE,FALSE,0,0.00669285092428486,"","gate_not_started",NA,"Round 2","UFC-walker-zhang-23-08-2025"
"Charles Johnson (126) vs. Lone'er Kavanagh (126)",15,"Kavanagh gives ground, circles out and then plants his feet, meeting Johnson with a one-two.",FALSE,FALSE,0,0.00669285092428486,"","gate_not_started",NA,"Round 2","UFC-walker-zhang-23-08-2025"
"Charles Johnson (126) vs. Lone'er Kavanagh (126)",16,"Johnson changes levels and shoots into a front headlock.",FALSE,FALSE,0,0.00669285092428486,"","gate_not_started",NA,"Round 2","UFC-walker-zhang-23-08-2025"
"Charles Johnson (126) vs. Lone'er Kavanagh (126)",17,"Johnson remains calm and passes to side control, where Kavanagh wisely bails on the choke and scrambles to his feet.",FALSE,FALSE,0,0.00669285092428486,"","gate_not_started",NA,"Round 2","UFC-walker-zhang-23-08-2025"
"Charles Johnson (126) vs. Lone'er Kavanagh (126)",18,"Johnson shoots again, and once again Kavanagh snares his neck.",FALSE,FALSE,0,0.00669285092428486,"","gate_not_started",NA,"Round 2","UFC-walker-zhang-23-08-2025"
"Charles Johnson (126) vs. Lone'er Kavanagh (126)",19,"This time the guillotine choke looks tight, and Kavanagh falls to guard.",FALSE,FALSE,0,0.00669285092428486,"","gate_not_started",NA,"Round 2","UFC-walker-zhang-23-08-2025"
"Charles Johnson (126) vs. Lone'er Kavanagh (126)",20,"Johnson pulls his head out and goes to stand, only to have Kavanagh toss him back to the canvas.",FALSE,FALSE,0,0.00669285092428486,"","gate_not_started",NA,"Round 2","UFC-walker-zhang-23-08-2025"
"Charles Johnson (126) vs. Lone'er Kavanagh (126)",21,"They scramble back up and return to striking near the center of the cage.",FALSE,FALSE,0,0.00669285092428486,"strong_anchor","gate_not_started",NA,"Round 2","UFC-walker-zhang-23-08-2025"
"Charles Johnson (126) vs. Lone'er Kavanagh (126)",22,"Kavanagh slips after a kick but pops right back up.",FALSE,FALSE,0,0.00669285092428486,"","gate_not_started",NA,"Round 2","UFC-walker-zhang-23-08-2025"
"Charles Johnson (126) vs. Lone'er Kavanagh (126)",23,"Two minutes left in the round, and Johnson absorbs a right cross.",FALSE,FALSE,0,0.00669285092428486,"","gate_not_started",NA,"Round 2","UFC-walker-zhang-23-08-2025"
"Charles Johnson (126) vs. Lone'er Kavanagh (126)",24,"Johnson surges forward, but Kavanagh slips laterally and tags him with a punch.",FALSE,FALSE,0,0.00669285092428486,"","gate_not_started",NA,"Round 2","UFC-walker-zhang-23-08-2025"
"Charles Johnson (126) vs. Lone'er Kavanagh (126)",25,"Johnson enters the pocket and lands a level elbow, probably his best single strike of the fight so far.",FALSE,FALSE,0,0.00669285092428486,"","gate_not_started",NA,"Round 2","UFC-walker-zhang-23-08-2025"
"Charles Johnson (126) vs. Lone'er Kavanagh (126)",26,"Johnson drives Kavanagh to the fence and unloads with a flurry of hooks to the body.",FALSE,FALSE,0,0.00669285092428486,"strong_anchor","gate_not_started",NA,"Round 2","UFC-walker-zhang-23-08-2025"
"Charles Johnson (126) vs. Lone'er Kavanagh (126)",27,"Johnson breaks away and when Kavanagh steps into range,Johnson eats a short left hand, then retaliates with a massive right that completely wrecks the Englishman, who never brought his guard back up after landing his own punch.Kavanagh goes down in a heap, the follow-up blows a mere formality as Perdios dives in for the stop.",FALSE,FALSE,0,0.00669285092428486,"","gate_not_started",NA,"Round 2","UFC-walker-zhang-23-08-2025"
"Charles Johnson (126) vs. Lone'er Kavanagh (126)",28,"""InnerG"" has derailed yet another red-hot flyweight prospect in the UFC.",FALSE,FALSE,0,0.00669285092428486,"","gate_not_started",NA,"Round 2","UFC-walker-zhang-23-08-2025"
"Charles Johnson (126) vs. Lone'er Kavanagh (126)",29,"Fantastic comeback finish.",FALSE,FALSE,0,0.00669285092428486,"","gate_not_started",NA,"Round 2","UFC-walker-zhang-23-08-2025"
"Charles Johnson (126) vs. Lone'er Kavanagh (126)",30,"The Official Result Charles Johnson def.",FALSE,FALSE,0,0.00669285092428486,"","gate_not_started",NA,"Round 2","UFC-walker-zhang-23-08-2025"
"Charles Johnson (126) vs. Lone'er Kavanagh (126)",31,"Lone'er Kavanagh R2 4:35 via KO (Punches)",FALSE,FALSE,0,0.00669285092428486,"","","4:35","Round 2","UFC-walker-zhang-23-08-2025"
"Maheshate Hayisaer (155) vs. Gauge Young (155.5)",1,"Maheshate Hayisaer (155) vs.",FALSE,FALSE,0,0.00669285092428486,"","gate_not_started",NA,NA,"UFC-walker-zhang-23-08-2025"
"Maheshate Hayisaer (155) vs. Gauge Young (155.5)",2,"Gauge Young (155.5) Round 1 The top prelim bout at UFC Shanghai, for whatever that distinction is worth on an all-ESPN card, features Midwest lightweight veteran Young against the mononymous Tibetan Maheshate.",FALSE,FALSE,0,0.00669285092428486,"","gate_not_started",NA,"Round 1","UFC-walker-zhang-23-08-2025"
"Maheshate Hayisaer (155) vs. Gauge Young (155.5)",3,"Referee Herb Dean motions the fighters to go to work and they comply, setting up in matching orthodox stances.",FALSE,FALSE,0,0.00669285092428486,"","",NA,"Round 1","UFC-walker-zhang-23-08-2025"
"Maheshate Hayisaer (155) vs. Gauge Young (155.5)",4,"Young strikes first with a body kick.",FALSE,FALSE,0,0.00669285092428486,"","",NA,"Round 1","UFC-walker-zhang-23-08-2025"
"Maheshate Hayisaer (155) vs. Gauge Young (155.5)",5,"Maheshate stalks forward, landing a kick of his own, and snaps Young's head back with a right cross.",FALSE,FALSE,0,0.00669285092428486,"","",NA,"Round 1","UFC-walker-zhang-23-08-2025"
"Maheshate Hayisaer (155) vs. Gauge Young (155.5)",6,"Dean cautions the native fighter not to extend his fingers.",FALSE,FALSE,0,0.00669285092428486,"","",NA,"Round 1","UFC-walker-zhang-23-08-2025"
"Maheshate Hayisaer (155) vs. Gauge Young (155.5)",7,"Maheshate tags Young with another long, straight right hand.",FALSE,FALSE,0,0.00669285092428486,"","",NA,"Round 1","UFC-walker-zhang-23-08-2025"
"Maheshate Hayisaer (155) vs. Gauge Young (155.5)",8,"Young is bleeding a bit from the brow.",FALSE,FALSE,0,0.00669285092428486,"","injury_eye_context|injury_stoppage",NA,"Round 1","UFC-walker-zhang-23-08-2025"
"Maheshate Hayisaer (155) vs. Gauge Young (155.5)",9,"Maheshate comes up short with a pair of murderous-looking hooks, and Young nails him on the counter, dropping him to his seat, mostly off balance.",FALSE,FALSE,0,0.00669285092428486,"","",NA,"Round 1","UFC-walker-zhang-23-08-2025"
"Maheshate Hayisaer (155) vs. Gauge Young (155.5)",10,"Maheshate pops back to his feet and lands a jab.",FALSE,FALSE,0,0.00669285092428486,"","",NA,"Round 1","UFC-walker-zhang-23-08-2025"
"Maheshate Hayisaer (155) vs. Gauge Young (155.5)",11,"Young with a hard low kick.",FALSE,FALSE,0,0.00669285092428486,"","",NA,"Round 1","UFC-walker-zhang-23-08-2025"
"Maheshate Hayisaer (155) vs. Gauge Young (155.5)",12,"Dean pauses the action and warns both fighters to watch their fingers.",FALSE,FALSE,0,0.00669285092428486,"","",NA,"Round 1","UFC-walker-zhang-23-08-2025"
"Maheshate Hayisaer (155) vs. Gauge Young (155.5)",13,"A few seconds later, he stops them again and gives the same warning, but when they go back to work, the fingers are once again extendedâespecially Maheshate's.",FALSE,FALSE,0,0.00669285092428486,"","",NA,"Round 1","UFC-walker-zhang-23-08-2025"
"Maheshate Hayisaer (155) vs. Gauge Young (155.5)",14,"Young changes levels for a nice double-leg, running Maheshate to the cage, where he uses the fence to stand.",FALSE,FALSE,20,0.0474258731775668,"strong_anchor","",NA,"Round 1","UFC-walker-zhang-23-08-2025"
"Maheshate Hayisaer (155) vs. Gauge Young (155.5)",15,"Maheshate tries a whizzer kick but can't get Young down.",FALSE,FALSE,0,0.00669285092428486,"","",NA,"Round 1","UFC-walker-zhang-23-08-2025"
"Maheshate Hayisaer (155) vs. Gauge Young (155.5)",16,"They end up the round tangled against the fence.10-9 Hayisaer.",FALSE,FALSE,20,0.0474258731775668,"strong_anchor","",NA,"Round 1","UFC-walker-zhang-23-08-2025"
"Maheshate Hayisaer (155) vs. Gauge Young (155.5)",17,"Round 2 Maheshate lands the first solid strike of the round, a straight right as Young is coming forward.",FALSE,FALSE,0,0.00669285092428486,"","",NA,"Round 2","UFC-walker-zhang-23-08-2025"
"Maheshate Hayisaer (155) vs. Gauge Young (155.5)",18,"Young drops down for a takedown attempt, but Maheshate allows himself to be driven to the cage, which keeps him upright.",FALSE,FALSE,20,0.0474258731775668,"strong_anchor","",NA,"Round 2","UFC-walker-zhang-23-08-2025"
"Maheshate Hayisaer (155) vs. Gauge Young (155.5)",19,"They disengage.",FALSE,FALSE,0,0.00669285092428486,"","",NA,"Round 2","UFC-walker-zhang-23-08-2025"
"Maheshate Hayisaer (155) vs. Gauge Young (155.5)",20,"Young lands a nice low kick and eats a jab on the counter.",FALSE,FALSE,0,0.00669285092428486,"","",NA,"Round 2","UFC-walker-zhang-23-08-2025"
"Maheshate Hayisaer (155) vs. Gauge Young (155.5)",21,"Young with another leg kick.",FALSE,FALSE,0,0.00669285092428486,"","",NA,"Round 2","UFC-walker-zhang-23-08-2025"
"Maheshate Hayisaer (155) vs. Gauge Young (155.5)",22,"Young is doing a solid job getting into range on the faster and much taller fighter.",FALSE,FALSE,0,0.00669285092428486,"","",NA,"Round 2","UFC-walker-zhang-23-08-2025"
"Maheshate Hayisaer (155) vs. Gauge Young (155.5)",23,"Young snaps back the head of Maheshate with a double jab, takes one in return and then comes back with another.",FALSE,FALSE,0,0.00669285092428486,"","",NA,"Round 2","UFC-walker-zhang-23-08-2025"
"Maheshate Hayisaer (155) vs. Gauge Young (155.5)",24,"Maheshate steps forward and Young grabs a double collar tie, punishing him with a knee up the middle.",FALSE,FALSE,0,0.00669285092428486,"","nonfoul_backhead_clinch|blocked_backhead",NA,"Round 2","UFC-walker-zhang-23-08-2025"
"Maheshate Hayisaer (155) vs. Gauge Young (155.5)",25,"Young seems to be building momentum, landing more and better shots than his foe, but with 90 seconds to go in the round, Maheshate plants his feet and lands a solid right.",FALSE,FALSE,0,0.00669285092428486,"","",NA,"Round 2","UFC-walker-zhang-23-08-2025"
"Maheshate Hayisaer (155) vs. Gauge Young (155.5)",26,"Young shakes it off, comes in behind punches and changes levels for a takedown.",FALSE,FALSE,0,0.00669285092428486,"","",NA,"Round 2","UFC-walker-zhang-23-08-2025"
"Maheshate Hayisaer (155) vs. Gauge Young (155.5)",27,"He hauls his man down, moves to mount and takes his foe's back with 10 seconds to go.",FALSE,FALSE,0,0.00669285092428486,"","",NA,"Round 2","UFC-walker-zhang-23-08-2025"
"Maheshate Hayisaer (155) vs. Gauge Young (155.5)",28,"Maheshate shakes him over the top and gets back to his feet at the horn.10-9 Young.",FALSE,FALSE,0,0.00669285092428486,"","reaction_only|gate_reaction_only",NA,"Round 2","UFC-walker-zhang-23-08-2025"
"Maheshate Hayisaer (155) vs. Gauge Young (155.5)",29,"Round 3 Young catches Maheshate with a low kick, slips a level elbow inside and then meets a level change head-on and comes out on top in the ensuing scramble.",FALSE,FALSE,0,0.00669285092428486,"","",NA,"Round 3","UFC-walker-zhang-23-08-2025"
"Maheshate Hayisaer (155) vs. Gauge Young (155.5)",30,"They disengage by mutual assent and go back to work on the feet.",FALSE,FALSE,0,0.00669285092428486,"","",NA,"Round 3","UFC-walker-zhang-23-08-2025"
"Maheshate Hayisaer (155) vs. Gauge Young (155.5)",31,"Young is suddenly the sharper striker, backing up the taller man and landing accurate punches.",FALSE,FALSE,0,0.00669285092428486,"","",NA,"Round 3","UFC-walker-zhang-23-08-2025"
"Maheshate Hayisaer (155) vs. Gauge Young (155.5)",32,"Young walks Maheshate into the fence, where he holds him up with an underhook and throws short punches and knees to the body.",FALSE,FALSE,20,0.0474258731775668,"strong_anchor","",NA,"Round 3","UFC-walker-zhang-23-08-2025"
"Maheshate Hayisaer (155) vs. Gauge Young (155.5)",33,"Maheshate shucks him off, lands a grazing knee and they break up, meeting back in the center of the cage.",FALSE,FALSE,20,0.0474258731775668,"strong_anchor","",NA,"Round 3","UFC-walker-zhang-23-08-2025"
"Maheshate Hayisaer (155) vs. Gauge Young (155.5)",34,"Half the round is down and the lightweights are exchanging single strikes in the middle of the Octagon.",FALSE,FALSE,0,0.00669285092428486,"","",NA,"Round 3","UFC-walker-zhang-23-08-2025"
"Maheshate Hayisaer (155) vs. Gauge Young (155.5)",35,"Maheshate runs Young to the fence with a double-leg, switches to a single, but can't finish the takedown and they come off the fence.",FALSE,FALSE,20,0.0474258731775668,"strong_anchor","",NA,"Round 3","UFC-walker-zhang-23-08-2025"
"Maheshate Hayisaer (155) vs. Gauge Young (155.5)",36,"Maheshate slips a pair of punches and comes back with a hard right hand.",FALSE,FALSE,0,0.00669285092428486,"","",NA,"Round 3","UFC-walker-zhang-23-08-2025"
"Maheshate Hayisaer (155) vs. Gauge Young (155.5)",37,"Young clinches, they go careening into the fence and Maheshate tries a hip throw from an overhook.",FALSE,FALSE,20,0.0474258731775668,"strong_anchor","",NA,"Round 3","UFC-walker-zhang-23-08-2025"
"Maheshate Hayisaer (155) vs. Gauge Young (155.5)",38,"It goes nowhere, and the final horn sounds.10-9 Young (29-28 Young).",FALSE,FALSE,0,0.00669285092428486,"","",NA,"Round 3","UFC-walker-zhang-23-08-2025"
"Maheshate Hayisaer (155) vs. Gauge Young (155.5)",39,"The Official Result Gauge Young def.",FALSE,FALSE,0,0.00669285092428486,"","",NA,"Round 3","UFC-walker-zhang-23-08-2025"
"Maheshate Hayisaer (155) vs. Gauge Young (155.5)",40,"Maheshate Hayisaer via Unanimous Decision (30-27, 29-28, 29-28)",FALSE,FALSE,0,0.00669285092428486,"","",NA,"Round 3","UFC-walker-zhang-23-08-2025"
"Nueraji Taiyilake (170) vs. Kiefer Crosbie (170.5)",1,"Nueraji Taiyilake (170) vs.",FALSE,FALSE,0,0.00669285092428486,"","gate_not_started",NA,NA,"UFC-walker-zhang-23-08-2025"
"Nueraji Taiyilake (170) vs. Kiefer Crosbie (170.5)",2,"Kiefer Crosbie (170.5) Round 1 The main card starts with a pair of welterweights looking for their first win in the UFC; the difference is that this is Crosbie's third try, while the 24-year-old Nueraji will be making his Octagon debut after distinguishing himself in a couple of his country's top promotions.",FALSE,FALSE,0,0.00669285092428486,"","gate_not_started",NA,"Round 1","UFC-walker-zhang-23-08-2025"
"Nueraji Taiyilake (170) vs. Kiefer Crosbie (170.5)",3,"Marc Goddard is the referee.",FALSE,FALSE,0,0.00669285092428486,"","",NA,"Round 1","UFC-walker-zhang-23-08-2025"
"Nueraji Taiyilake (170) vs. Kiefer Crosbie (170.5)",4,"They touch gloves and go to work in matching southpaw stances.",FALSE,FALSE,0,0.00669285092428486,"","",NA,"Round 1","UFC-walker-zhang-23-08-2025"
"Nueraji Taiyilake (170) vs. Kiefer Crosbie (170.5)",5,"Nueraji tags Crosbie with a wild punch, they collide, and end up on the ground with Crosbie on the bottom.",FALSE,FALSE,0,0.00669285092428486,"","",NA,"Round 1","UFC-walker-zhang-23-08-2025"
"Nueraji Taiyilake (170) vs. Kiefer Crosbie (170.5)",6,"The Irishman immediately goes to rubber guard mission control, using it to control his foe's posture, then switches to traditional full guard a few moments later.",FALSE,FALSE,0,0.00669285092428486,"","",NA,"Round 1","UFC-walker-zhang-23-08-2025"
"Nueraji Taiyilake (170) vs. Kiefer Crosbie (170.5)",7,"Nueraji elevates and drops a couple of big elbows, leading Crosbie to move and squirm.",FALSE,FALSE,0,0.00669285092428486,"","",NA,"Round 1","UFC-walker-zhang-23-08-2025"
"Nueraji Taiyilake (170) vs. Kiefer Crosbie (170.5)",8,"He closes up his guard and does a good job of parrying some elbows, but Nueraji is relentless, moving to mount and continuing the stream of elbows.",FALSE,FALSE,0,0.00669285092428486,"","",NA,"Round 1","UFC-walker-zhang-23-08-2025"
"Nueraji Taiyilake (170) vs. Kiefer Crosbie (170.5)",9,"Nueraji stands out of Crosbie's guard and as Crosbie moves to get up, nails him with a blatantly illegal knee to the head.",TRUE,TRUE,100,0.993307149075715,"strong_anchor|foul_language|foul_re_hit","",NA,"Round 1","UFC-walker-zhang-23-08-2025"
"Nueraji Taiyilake (170) vs. Kiefer Crosbie (170.5)",10,"Goddard stops the action, brings the cageside physician in to consult, and upon the determination that Crosbie is medically able to fight on, asks the fouled fighter if he wishes to continue.",FALSE,FALSE,20,0.0474258731775668,"strong_anchor","",NA,"Round 1","UFC-walker-zhang-23-08-2025"
"Nueraji Taiyilake (170) vs. Kiefer Crosbie (170.5)",11,"Crosbie immediately responds in the affirmative.",FALSE,FALSE,0,0.00669285092428486,"","",NA,"Round 1","UFC-walker-zhang-23-08-2025"
"Nueraji Taiyilake (170) vs. Kiefer Crosbie (170.5)",12,"Goddard deducts two points from Nueraji and restarts the action.They clinch, Nueraji tosses Crosbie to the floor at the base of the fence, and goes right back to dropping elbows.",FALSE,FALSE,20,0.0474258731775668,"strong_anchor","",NA,"Round 1","UFC-walker-zhang-23-08-2025"
"Nueraji Taiyilake (170) vs. Kiefer Crosbie (170.5)",13,"The blows are practically flying elbow strikes, as Nueraji elevates himself all the way to his feet before diving back down with each successive strike.",FALSE,FALSE,0,0.00669285092428486,"","",NA,"Round 1","UFC-walker-zhang-23-08-2025"
"Nueraji Taiyilake (170) vs. Kiefer Crosbie (170.5)",14,"Goddard, perhaps in acknowledgement of the circumstances, gives Crosbie every opportunity to recover and fight back, but after what felt like a dozen unanswered diving elbows, interposes himself for the stop.Brutal work for the youngest fighter on the card, a dominant performance marred only by the blatant foul.",FALSE,FALSE,0,0.00669285092428486,"","",NA,"Round 1","UFC-walker-zhang-23-08-2025"
"Nueraji Taiyilake (170) vs. Kiefer Crosbie (170.5)",15,"The Official Result Nueraji Taiyilake def.",FALSE,FALSE,0,0.00669285092428486,"","",NA,"Round 1","UFC-walker-zhang-23-08-2025"
"Nueraji Taiyilake (170) vs. Kiefer Crosbie (170.5)",16,"Kiefer Crosbie R1 3:33 via TKO (Elbows)",FALSE,FALSE,0,0.00669285092428486,"","","3:33","Round 1","UFC-walker-zhang-23-08-2025"
"Su Mudaerji (125.5) vs. Kevin Borjas (126)",1,"Su Mudaerji (125.5) vs.",FALSE,FALSE,0,0.00669285092428486,"","gate_not_started",NA,NA,"UFC-walker-zhang-23-08-2025"
"Su Mudaerji (125.5) vs. Kevin Borjas (126)",2,"Kevin Borjas (126) Round 1 Flyweights Sumudaerji and Borjas face off under the watchful eye of referee Vitor Ribeiro.",FALSE,FALSE,20,0.0474258731775668,"strong_anchor","",NA,"Round 1","UFC-walker-zhang-23-08-2025"
"Su Mudaerji (125.5) vs. Kevin Borjas (126)",3,"Borjas is orthodox, Sumudaerji southpaw.",FALSE,FALSE,0,0.00669285092428486,"","",NA,"Round 1","UFC-walker-zhang-23-08-2025"
"Su Mudaerji (125.5) vs. Kevin Borjas (126)",4,"""The Tibetan Eagle"" throws a lunging side kick to the midsection.",FALSE,FALSE,0,0.00669285092428486,"","",NA,"Round 1","UFC-walker-zhang-23-08-2025"
"Su Mudaerji (125.5) vs. Kevin Borjas (126)",5,"He follows up with a solid inside kick to Borjas' lead leg.",FALSE,FALSE,0,0.00669285092428486,"","",NA,"Round 1","UFC-walker-zhang-23-08-2025"
"Su Mudaerji (125.5) vs. Kevin Borjas (126)",6,"Sumudaerji with a high kick that slaps off his opponent's raised guard.",FALSE,FALSE,0,0.00669285092428486,"","",NA,"Round 1","UFC-walker-zhang-23-08-2025"
"Su Mudaerji (125.5) vs. Kevin Borjas (126)",7,"A minute and a half in, Borjas has thrown next to no strikes.",FALSE,FALSE,0,0.00669285092428486,"","",NA,"Round 1","UFC-walker-zhang-23-08-2025"
"Su Mudaerji (125.5) vs. Kevin Borjas (126)",8,"Sumudaerji flicks out a long jab.",FALSE,FALSE,0,0.00669285092428486,"","",NA,"Round 1","UFC-walker-zhang-23-08-2025"
"Su Mudaerji (125.5) vs. Kevin Borjas (126)",9,"Ribeiro pauses the action and cautions Sumudaerji about extending his fingers.",FALSE,FALSE,0,0.00669285092428486,"","",NA,"Round 1","UFC-walker-zhang-23-08-2025"
"Su Mudaerji (125.5) vs. Kevin Borjas (126)",10,"They go back to work and Sumudaerji lands a loud low kick.",FALSE,FALSE,0,0.00669285092428486,"","",NA,"Round 1","UFC-walker-zhang-23-08-2025"
"Su Mudaerji (125.5) vs. Kevin Borjas (126)",11,"Borjas comes back with a jab that glances, then changes levels and runs his man all the way to the cage.",FALSE,FALSE,20,0.0474258731775668,"strong_anchor","",NA,"Round 1","UFC-walker-zhang-23-08-2025"
"Su Mudaerji (125.5) vs. Kevin Borjas (126)",12,"Borjas locks his hands and tries to elevate the taller man, but Sumudaerji uses an overhook/underhook and his height advantage to keep his feet firmly under him.",FALSE,FALSE,0,0.00669285092428486,"","",NA,"Round 1","UFC-walker-zhang-23-08-2025"
"Su Mudaerji (125.5) vs. Kevin Borjas (126)",13,"They break off the clinch and go back to work in the middle of the cage, where Borjas continues to struggle with the range against the much taller man.",FALSE,FALSE,20,0.0474258731775668,"strong_anchor","",NA,"Round 1","UFC-walker-zhang-23-08-2025"
"Su Mudaerji (125.5) vs. Kevin Borjas (126)",14,"Sumudaerji backs Borjas off with a side kick to the midsection at the 10-second clapper, then a pair of spinning back kicksâone from each sideâright before the horn.",FALSE,FALSE,0,0.00669285092428486,"","",NA,"Round 1","UFC-walker-zhang-23-08-2025"
"Su Mudaerji (125.5) vs. Kevin Borjas (126)",15,"Neither lands with much impact, but the impression is that Sumudaerji is starting to get into a flow.10-9 Mudaerji.",FALSE,FALSE,0,0.00669285092428486,"","",NA,"Round 1","UFC-walker-zhang-23-08-2025"
"Su Mudaerji (125.5) vs. Kevin Borjas (126)",16,"Round 2 Sumudaerji paws Borjas' face with an open hand in the first real exchange of the round, leading the Peruvian to back away blinking.",FALSE,FALSE,0,0.00669285092428486,"","",NA,"Round 2","UFC-walker-zhang-23-08-2025"
"Su Mudaerji (125.5) vs. Kevin Borjas (126)",17,"Referee Ribeiro reiterates his warning, this time making it a ""hard"" one, for whatever that's worth, before letting them go back to work.",FALSE,FALSE,0,0.00669285092428486,"","",NA,"Round 2","UFC-walker-zhang-23-08-2025"
"Su Mudaerji (125.5) vs. Kevin Borjas (126)",18,"Sumudaerji reaches out with long side kicks again, landing to Borjas' body, where they do their damage, but just as importantly, keep Borjas from getting anywhere near punching range.",FALSE,FALSE,0,0.00669285092428486,"","",NA,"Round 2","UFC-walker-zhang-23-08-2025"
"Su Mudaerji (125.5) vs. Kevin Borjas (126)",19,"Borjas surges forward, clinches and shoves the taller man to the fence, where he is unable either to secure a takedown or land any short-range offense.",FALSE,FALSE,20,0.0474258731775668,"strong_anchor","",NA,"Round 2","UFC-walker-zhang-23-08-2025"
"Su Mudaerji (125.5) vs. Kevin Borjas (126)",20,"They separate and return to open space, but Sumudaerji is still very much in control of the action there.",FALSE,FALSE,0,0.00669285092428486,"","",NA,"Round 2","UFC-walker-zhang-23-08-2025"
"Su Mudaerji (125.5) vs. Kevin Borjas (126)",21,"Borjas lowers his head again and drives Sumudaerji to the cage, but ""The Tibetan Eagle"" uses an underhook to force a stalemate there.",FALSE,FALSE,20,0.0474258731775668,"strong_anchor","",NA,"Round 2","UFC-walker-zhang-23-08-2025"
"Su Mudaerji (125.5) vs. Kevin Borjas (126)",22,"They disengage once again and Sumudaerji goes right back to working the Peruvian's legs and body with his kicks.",FALSE,FALSE,0,0.00669285092428486,"","",NA,"Round 2","UFC-walker-zhang-23-08-2025"
"Su Mudaerji (125.5) vs. Kevin Borjas (126)",23,"Under a minute to go and Sumudaerji opens up with a spinning back kick that lands to the midsection.",FALSE,FALSE,0,0.00669285092428486,"","",NA,"Round 2","UFC-walker-zhang-23-08-2025"
"Su Mudaerji (125.5) vs. Kevin Borjas (126)",24,"The horn sounds on another frustrating round for ""El Gallo Negro.""",FALSE,FALSE,0,0.00669285092428486,"","",NA,"Round 2","UFC-walker-zhang-23-08-2025"
"Su Mudaerji (125.5) vs. Kevin Borjas (126)",25,"10-9 Mudaerji.",FALSE,FALSE,0,0.00669285092428486,"","",NA,"Round 2","UFC-walker-zhang-23-08-2025"
"Su Mudaerji (125.5) vs. Kevin Borjas (126)",26,"Round 3 Borjas comes out aggressively to enter the final frame, forcing the issue rather than be stranded on the outside for yet another five minutes.",FALSE,FALSE,0,0.00669285092428486,"","",NA,"Round 3","UFC-walker-zhang-23-08-2025"
"Su Mudaerji (125.5) vs. Kevin Borjas (126)",27,"Sumudaerji responds with a reactive takedown attempt which goes nowhere, but perhaps gives Borjas something else to think about.",FALSE,FALSE,0,0.00669285092428486,"","",NA,"Round 3","UFC-walker-zhang-23-08-2025"
"Su Mudaerji (125.5) vs. Kevin Borjas (126)",28,"Borjas continues on the front foot, backing Sumudaerji to the fence, where he briefly sits him down with a clean punch.",FALSE,FALSE,20,0.0474258731775668,"strong_anchor","",NA,"Round 3","UFC-walker-zhang-23-08-2025"
"Su Mudaerji (125.5) vs. Kevin Borjas (126)",29,"The Tibetan smiles and motions that it was a slip, which seems to fit the visual evidence, and they return to kickboxing.",FALSE,FALSE,0,0.00669285092428486,"","",NA,"Round 3","UFC-walker-zhang-23-08-2025"
"Su Mudaerji (125.5) vs. Kevin Borjas (126)",30,"Sumudaerji throws a spinning wheel kick that glances without damage, and Borjas collapses the distance, clinching and shoving him to the fence.",FALSE,FALSE,20,0.0474258731775668,"strong_anchor","",NA,"Round 3","UFC-walker-zhang-23-08-2025"
"Su Mudaerji (125.5) vs. Kevin Borjas (126)",31,"The referee separates them after a few uneventful moments, and they meet once again near the center of the cage, where Sumudaerji has thus far been an unsolvable riddle.",FALSE,FALSE,20,0.0474258731775668,"strong_anchor","",NA,"Round 3","UFC-walker-zhang-23-08-2025"
"Su Mudaerji (125.5) vs. Kevin Borjas (126)",32,"Borjas steps inside a spinning technique, nearly takes Sumudaerji's back standing, but settles for pushing him to the fence yet again.",FALSE,FALSE,20,0.0474258731775668,"strong_anchor","",NA,"Round 3","UFC-walker-zhang-23-08-2025"
"Su Mudaerji (125.5) vs. Kevin Borjas (126)",33,"Under a minute to go and Borjas' corner is imploring him to do something big.",FALSE,FALSE,0,0.00669285092428486,"","",NA,"Round 3","UFC-walker-zhang-23-08-2025"
"Su Mudaerji (125.5) vs. Kevin Borjas (126)",34,"He tries his best, but only succeeds in opening up an opportunity for his foe to land a big elbow.",FALSE,FALSE,0,0.00669285092428486,"","",NA,"Round 3","UFC-walker-zhang-23-08-2025"
"Su Mudaerji (125.5) vs. Kevin Borjas (126)",35,"That turns out to be the last significant offense of the fight, as the horn sounds moments later on a methodical near shutout for the Chinese fighter.10-9 Mudaerji (30-27 Mudaerji).",FALSE,FALSE,0,0.00669285092428486,"","",NA,"Round 3","UFC-walker-zhang-23-08-2025"
"Su Mudaerji (125.5) vs. Kevin Borjas (126)",36,"The Official Result Su Mudaerji def.",FALSE,FALSE,0,0.00669285092428486,"","",NA,"Round 3","UFC-walker-zhang-23-08-2025"
"Su Mudaerji (125.5) vs. Kevin Borjas (126)",37,"Kevin Borjas via Unanimous Decision (30-27, 30-27, 30-27)",FALSE,FALSE,0,0.00669285092428486,"","",NA,"Round 3","UFC-walker-zhang-23-08-2025"
"Sergei Pavlovich (255.5) vs. Waldo Cortes-Acosta (262)",1,"Sergei Pavlovich (255.5) vs.",FALSE,FALSE,0,0.00669285092428486,"","gate_not_started",NA,NA,"UFC-walker-zhang-23-08-2025"
"Sergei Pavlovich (255.5) vs. Waldo Cortes-Acosta (262)",2,"Waldo Cortes-Acosta (262) Round 1 Next up is the lone heavyweight bout of the eveningâdespite Brian Ortega's best effortsâas Cortes-Acosta will look to build on his five-fight win streak and certify himself a legitimate title contender.",FALSE,FALSE,0,0.00669285092428486,"","gate_not_started",NA,"Round 1","UFC-walker-zhang-23-08-2025"
"Sergei Pavlovich (255.5) vs. Waldo Cortes-Acosta (262)",3,"Opposite the surging ""Salsa Boy"" will be Pavlovich, who seeks to reaffirm his own contender status after righting the ship against Jairzinho Rozenstruik back in February.",FALSE,FALSE,0,0.00669285092428486,"","gate_not_started",NA,"Round 1","UFC-walker-zhang-23-08-2025"
"Sergei Pavlovich (255.5) vs. Waldo Cortes-Acosta (262)",4,"Tasked with keeping things nice and clean will be referee Marc Goddard.",FALSE,FALSE,0,0.00669285092428486,"","",NA,"Round 1","UFC-walker-zhang-23-08-2025"
"Sergei Pavlovich (255.5) vs. Waldo Cortes-Acosta (262)",5,"Both big men are in orthodox stance, and both send out tentative jabs in the opening moments.",FALSE,FALSE,0,0.00669285092428486,"","",NA,"Round 1","UFC-walker-zhang-23-08-2025"
"Sergei Pavlovich (255.5) vs. Waldo Cortes-Acosta (262)",6,"They end up doing some lead-hand jousting as neither seems to want to be the first to go.",FALSE,FALSE,0,0.00669285092428486,"","",NA,"Round 1","UFC-walker-zhang-23-08-2025"
"Sergei Pavlovich (255.5) vs. Waldo Cortes-Acosta (262)",7,"Pavlovich is calmly maneuvering Cortes-Acosta into the cage.",FALSE,FALSE,20,0.0474258731775668,"strong_anchor","",NA,"Round 1","UFC-walker-zhang-23-08-2025"
"Sergei Pavlovich (255.5) vs. Waldo Cortes-Acosta (262)",8,"He comes off the fence swinging and there is an inadvertent clash of heads, but both men keep on fighting.",FALSE,FALSE,0,0.00669285092428486,"strong_anchor","injury_stoppage",NA,"Round 1","UFC-walker-zhang-23-08-2025"
"Sergei Pavlovich (255.5) vs. Waldo Cortes-Acosta (262)",9,"They meet near the center of the cage and exchange a flurry of punches, with both men landing cleanly.",FALSE,FALSE,20,0.0474258731775668,"strong_anchor","",NA,"Round 1","UFC-walker-zhang-23-08-2025"
"Sergei Pavlovich (255.5) vs. Waldo Cortes-Acosta (262)",10,"Cortes-Acosta, far from being backed off by the Russian's vaunted power, seems emboldened, stepping into the pocket and unloading.",FALSE,FALSE,0,0.00669285092428486,"","",NA,"Round 1","UFC-walker-zhang-23-08-2025"
"Sergei Pavlovich (255.5) vs. Waldo Cortes-Acosta (262)",11,"He lands several solid punches and takes a big one from Pavlovich in return.",FALSE,FALSE,0,0.00669285092428486,"","",NA,"Round 1","UFC-walker-zhang-23-08-2025"
"Sergei Pavlovich (255.5) vs. Waldo Cortes-Acosta (262)",12,"Cortes-Acosta lands a hard leg kick and gets countered hard with a right hand over the top.",FALSE,FALSE,0,0.00669285092428486,"","",NA,"Round 1","UFC-walker-zhang-23-08-2025"
"Sergei Pavlovich (255.5) vs. Waldo Cortes-Acosta (262)",13,"A minute left in the round and both fighters have taken some serious fire but neither is backing down.",FALSE,FALSE,0,0.00669285092428486,"","",NA,"Round 1","UFC-walker-zhang-23-08-2025"
"Sergei Pavlovich (255.5) vs. Waldo Cortes-Acosta (262)",14,"Cortes-Acosta surges forward and eats a right uppercut.",FALSE,FALSE,0,0.00669285092428486,"","injury_eye_context|injury_stoppage",NA,"Round 1","UFC-walker-zhang-23-08-2025"
"Sergei Pavlovich (255.5) vs. Waldo Cortes-Acosta (262)",15,"The horn sounds.10-9 Pavlovich.",FALSE,FALSE,0,0.00669285092428486,"","",NA,"Round 1","UFC-walker-zhang-23-08-2025"
"Sergei Pavlovich (255.5) vs. Waldo Cortes-Acosta (262)",16,"Round 2 Cortes-Acosta and Pavlovich pick up right where they left off, and Pavlovich catches his man with another sneaky uppercut as he exits the pocket.",FALSE,FALSE,0,0.00669285092428486,"","injury_eye_context|injury_stoppage",NA,"Round 2","UFC-walker-zhang-23-08-2025"
"Sergei Pavlovich (255.5) vs. Waldo Cortes-Acosta (262)",17,"Cortes-Acosta lands a good jab, and Pavlovich flicks out a front kick up the middle.",FALSE,FALSE,0,0.00669285092428486,"","",NA,"Round 2","UFC-walker-zhang-23-08-2025"
"Sergei Pavlovich (255.5) vs. Waldo Cortes-Acosta (262)",18,"Cortes-Acosta wades into range with a pair of haymakers, which Pavlovich slips.",FALSE,FALSE,0,0.00669285092428486,"","",NA,"Round 2","UFC-walker-zhang-23-08-2025"
"Sergei Pavlovich (255.5) vs. Waldo Cortes-Acosta (262)",19,"Pavlovich lands a big left-right combo that hurts the Panamanian.",FALSE,FALSE,0,0.00669285092428486,"","",NA,"Round 2","UFC-walker-zhang-23-08-2025"
"Sergei Pavlovich (255.5) vs. Waldo Cortes-Acosta (262)",20,"Cortes-Acosta stumbles back into the fence but recovers quickly, and they go back to work.",FALSE,FALSE,20,0.0474258731775668,"strong_anchor","",NA,"Round 2","UFC-walker-zhang-23-08-2025"
"Sergei Pavlovich (255.5) vs. Waldo Cortes-Acosta (262)",21,"Cortes-Acosta scores with a hard calf kick, and Pavlovich is showing the damage from that one and the several he took in Round 1.",FALSE,FALSE,0,0.00669285092428486,"","",NA,"Round 1","UFC-walker-zhang-23-08-2025"
"Sergei Pavlovich (255.5) vs. Waldo Cortes-Acosta (262)",22,"Pavlovich cuts off the cage nicely, walks Cortes-Acosta to the warning track and nails him with two hard punches.",FALSE,FALSE,0,0.00669285092428486,"strong_anchor","injury_eye_context|injury_stoppage",NA,"Round 1","UFC-walker-zhang-23-08-2025"
"Sergei Pavlovich (255.5) vs. Waldo Cortes-Acosta (262)",23,"Cortes-Acosta takes a kick to the midsection, gestures at his cup and appears to want the foul called, but Goddard tells them it was on the belt and to keep fighting.",FALSE,FALSE,50,0.5,"strong_anchor|foul_language|foul_re_hit","legal_belt|blocked_legal_belt",NA,"Round 1","UFC-walker-zhang-23-08-2025"
"Sergei Pavlovich (255.5) vs. Waldo Cortes-Acosta (262)",24,"Pavlovich is gradually taking over this fight on the feet, as he is starting to find Cortes-Acosta's head with his jab and cross over and over again.10-9 Pavlovich.",FALSE,FALSE,0,0.00669285092428486,"","",NA,"Round 1","UFC-walker-zhang-23-08-2025"
"Sergei Pavlovich (255.5) vs. Waldo Cortes-Acosta (262)",25,"Round 3 The final frame opens up, as the first two did, with the heavyweight contenders measuring each other for big right hands in the pocket.",FALSE,FALSE,0,0.00669285092428486,"","",NA,"Round 3","UFC-walker-zhang-23-08-2025"
"Sergei Pavlovich (255.5) vs. Waldo Cortes-Acosta (262)",26,"Cortes-Acosta lands another hard leg kick and Pavlovich responds with one of his own.",FALSE,FALSE,0,0.00669285092428486,"","",NA,"Round 3","UFC-walker-zhang-23-08-2025"
"Sergei Pavlovich (255.5) vs. Waldo Cortes-Acosta (262)",27,"Pavlovich cracks Cortes-Acosta with a huge right hand that staggers him, but he recovers in a flash and makes the universal ""that didn't hurt"" hand sign.",FALSE,FALSE,0,0.00669285092428486,"","",NA,"Round 3","UFC-walker-zhang-23-08-2025"
"Sergei Pavlovich (255.5) vs. Waldo Cortes-Acosta (262)",28,"Pavlovich calmly steps forward and appears to have taken his foe's measure.",FALSE,FALSE,0,0.00669285092428486,"","",NA,"Round 3","UFC-walker-zhang-23-08-2025"
"Sergei Pavlovich (255.5) vs. Waldo Cortes-Acosta (262)",29,"Cortes-Acosta is reaching and lunging to land his punches, while Pavlovich is composed, squarely over his feet and catching him with clean counters.",FALSE,FALSE,0,0.00669285092428486,"","",NA,"Round 3","UFC-walker-zhang-23-08-2025"
"Sergei Pavlovich (255.5) vs. Waldo Cortes-Acosta (262)",30,"He is outclassing Cortes-Acosta at this point, and short of some heavyweight weirdness, the main question remaining is whether he will score the knockout.",FALSE,FALSE,0,0.00669285092428486,"","",NA,"Round 3","UFC-walker-zhang-23-08-2025"
"Sergei Pavlovich (255.5) vs. Waldo Cortes-Acosta (262)",31,"Pavlovich tags Cortes-Acosta with a pair of huge hooks that make him stumble, but doesn't press the issue.",FALSE,FALSE,0,0.00669285092428486,"","",NA,"Round 3","UFC-walker-zhang-23-08-2025"
"Sergei Pavlovich (255.5) vs. Waldo Cortes-Acosta (262)",32,"Cortes-Acosta rebounds from the fence, wades back in and gets clocked again.",FALSE,FALSE,20,0.0474258731775668,"strong_anchor","",NA,"Round 3","UFC-walker-zhang-23-08-2025"
"Sergei Pavlovich (255.5) vs. Waldo Cortes-Acosta (262)",33,"Cortes-Acosta hears the 10-second clapper and gestures at the floor, but Pavlovich is not particularly interested in being on the wrong side of any last-second heroics.",FALSE,FALSE,0,0.00669285092428486,"","",NA,"Round 3","UFC-walker-zhang-23-08-2025"
"Sergei Pavlovich (255.5) vs. Waldo Cortes-Acosta (262)",34,"The final horn sounds on a quietly dominant performance by the Russian.10-9 Pavlovich (30-27 Pavlovich).",FALSE,FALSE,0,0.00669285092428486,"","",NA,"Round 3","UFC-walker-zhang-23-08-2025"
"Sergei Pavlovich (255.5) vs. Waldo Cortes-Acosta (262)",35,"The Official Result Sergei Pavlovich def.",FALSE,FALSE,0,0.00669285092428486,"","",NA,"Round 3","UFC-walker-zhang-23-08-2025"
"Sergei Pavlovich (255.5) vs. Waldo Cortes-Acosta (262)",36,"Waldo Cortes-Acosta via Unanimous Decision (30-27, 29-28, 29-28)",FALSE,FALSE,0,0.00669285092428486,"","",NA,"Round 3","UFC-walker-zhang-23-08-2025"
"Brian Ortega (153) vs. Aljamain Sterling (153)",1,"Brian Ortega (153) vs.",FALSE,FALSE,0,0.00669285092428486,"","gate_not_started",NA,NA,"UFC-walker-zhang-23-08-2025"
"Brian Ortega (153) vs. Aljamain Sterling (153)",2,"Aljamain Sterling (153) Round 1 On merit and divisional relevance, this probably should have been the main event, but that divisional relevance was obliterated by Ortega's weight cut failure, leading to a 153-pound catchweight affair.",FALSE,FALSE,0,0.00669285092428486,"","injury_eye_context|gate_not_started|injury_stoppage",NA,"Round 1","UFC-walker-zhang-23-08-2025"
"Brian Ortega (153) vs. Aljamain Sterling (153)",3,"It's still a hell of a fight, however, and when the featherweight contenders go to work, Herb Dean will be tasked with his final referee assignment of the event.",FALSE,FALSE,0,0.00669285092428486,"","",NA,"Round 1","UFC-walker-zhang-23-08-2025"
"Brian Ortega (153) vs. Aljamain Sterling (153)",4,"Both men are in orthodox stance to open things up, and both come up short with reaching jabs in the first exchanges.",FALSE,FALSE,0,0.00669285092428486,"","",NA,"Round 1","UFC-walker-zhang-23-08-2025"
"Brian Ortega (153) vs. Aljamain Sterling (153)",5,"Ortega goes southpaw.",FALSE,FALSE,0,0.00669285092428486,"","",NA,"Round 1","UFC-walker-zhang-23-08-2025"
"Brian Ortega (153) vs. Aljamain Sterling (153)",6,"Thirty seconds in, Sterling feints his first level change, but no takedown attempt follows.",FALSE,FALSE,0,0.00669285092428486,"","",NA,"Round 1","UFC-walker-zhang-23-08-2025"
"Brian Ortega (153) vs. Aljamain Sterling (153)",7,"Sterling throws a one-two that Ortega slips by pulling his head straight back, then nearly spills him with a nicely timed low kick.",FALSE,FALSE,0,0.00669285092428486,"","",NA,"Round 1","UFC-walker-zhang-23-08-2025"
"Brian Ortega (153) vs. Aljamain Sterling (153)",8,"Sterling lands a pair of glancing punches and easily eludes the counter.",FALSE,FALSE,0,0.00669285092428486,"","",NA,"Round 1","UFC-walker-zhang-23-08-2025"
"Brian Ortega (153) vs. Aljamain Sterling (153)",9,"Ortega is barely throwing anything back thus far in the fight.",FALSE,FALSE,0,0.00669285092428486,"","",NA,"Round 1","UFC-walker-zhang-23-08-2025"
"Brian Ortega (153) vs. Aljamain Sterling (153)",10,"As I type that, he launches a blistering right cross that comes up just barely short.",FALSE,FALSE,0,0.00669285092428486,"","",NA,"Round 1","UFC-walker-zhang-23-08-2025"
"Brian Ortega (153) vs. Aljamain Sterling (153)",11,"Two minutes left in the first round and Sterling lands another solid low kickâan investment in attrition, especially if this goes into the scheduled fourth and fifth rounds.",FALSE,FALSE,0,0.00669285092428486,"","",NA,"Round 1","UFC-walker-zhang-23-08-2025"
"Brian Ortega (153) vs. Aljamain Sterling (153)",12,"Sterling with another chopping low kick that lands high on the calf.",FALSE,FALSE,0,0.00669285092428486,"","",NA,"Round 1","UFC-walker-zhang-23-08-2025"
"Brian Ortega (153) vs. Aljamain Sterling (153)",13,"With under 30 seconds to go, it's been all Sterling, but Ortega comes forward and lands his best punch of the round before the horn.10-9 Sterling.",FALSE,FALSE,0,0.00669285092428486,"","",NA,"Round 1","UFC-walker-zhang-23-08-2025"
"Brian Ortega (153) vs. Aljamain Sterling (153)",14,"Round 2 Sterling is busy with the jab right away.",FALSE,FALSE,0,0.00669285092428486,"","",NA,"Round 2","UFC-walker-zhang-23-08-2025"
"Brian Ortega (153) vs. Aljamain Sterling (153)",15,"Ortega throws a high kick that Sterling evades by slipping his head off the center line.",FALSE,FALSE,0,0.00669285092428486,"","",NA,"Round 2","UFC-walker-zhang-23-08-2025"
"Brian Ortega (153) vs. Aljamain Sterling (153)",16,"Sterling is methodical, coming forward with his jab and cross, nailing Ortega with a calf kick anytime he stands his ground.",FALSE,FALSE,0,0.00669285092428486,"","",NA,"Round 2","UFC-walker-zhang-23-08-2025"
"Brian Ortega (153) vs. Aljamain Sterling (153)",17,"It isn't dazzling but it's brutally effective, as Ortega is throwing next to nothing, aside from single big shots.",FALSE,FALSE,0,0.00669285092428486,"","",NA,"Round 2","UFC-walker-zhang-23-08-2025"
"Brian Ortega (153) vs. Aljamain Sterling (153)",18,"Sterling tries a spinning backfist that glances without damage.",FALSE,FALSE,0,0.00669285092428486,"","",NA,"Round 2","UFC-walker-zhang-23-08-2025"
"Brian Ortega (153) vs. Aljamain Sterling (153)",19,"Ortega takes the front foot midway through the round, backing up the former bantamweight champ and throwing righty haymakers.",FALSE,FALSE,0,0.00669285092428486,"","",NA,"Round 2","UFC-walker-zhang-23-08-2025"
"Brian Ortega (153) vs. Aljamain Sterling (153)",20,"Sterling gives ground, keeps his chin out of range and keeps working on the lead leg.",FALSE,FALSE,0,0.00669285092428486,"","",NA,"Round 2","UFC-walker-zhang-23-08-2025"
"Brian Ortega (153) vs. Aljamain Sterling (153)",21,"Sterling catches Ortega with a sweeping right hook and Ortega backs off, pawing at his left eye.",FALSE,FALSE,20,0.0474258731775668,"strong_anchor","",NA,"Round 2","UFC-walker-zhang-23-08-2025"
"Brian Ortega (153) vs. Aljamain Sterling (153)",22,"Sterling looks at the referee, who states that it was a punch, not a finger, and indicates that they should keep fighting.",FALSE,FALSE,0,0.00669285092428486,"","",NA,"Round 2","UFC-walker-zhang-23-08-2025"
"Brian Ortega (153) vs. Aljamain Sterling (153)",23,"They do not do so immediately, Sterling does not press the issue, and the result is effectively a 45-second timeout after no foul.",FALSE,FALSE,0,0.00669285092428486,"","negation",NA,"Round 2","UFC-walker-zhang-23-08-2025"
"Brian Ortega (153) vs. Aljamain Sterling (153)",24,"Once they resume fighting, the round ends without any more substantive offense from either man.10-9 Sterling.",FALSE,FALSE,0,0.00669285092428486,"","",NA,"Round 2","UFC-walker-zhang-23-08-2025"
"Brian Ortega (153) vs. Aljamain Sterling (153)",25,"Round 3 Sterling has to walk two-thirds of the way across the Octagon in order to touch gloves with Ortega; a decent metaphor for this fight in general.",FALSE,FALSE,0,0.00669285092428486,"","",NA,"Round 3","UFC-walker-zhang-23-08-2025"
"Brian Ortega (153) vs. Aljamain Sterling (153)",26,"Ortega comes forward, snapping out his jab, and tags Sterling with a low kick.",FALSE,FALSE,0,0.00669285092428486,"","",NA,"Round 3","UFC-walker-zhang-23-08-2025"
"Brian Ortega (153) vs. Aljamain Sterling (153)",27,"Ortega fires off another kick, this one clattering audibly off of Sterling's cup, but Sterling waves off any intervention by Dean.",TRUE,TRUE,95,0.989013057369407,"strong_anchor|foul_language|foul_re_hit","explicit_no_pause",NA,"Round 3","UFC-walker-zhang-23-08-2025"
"Brian Ortega (153) vs. Aljamain Sterling (153)",28,"Sterling continues to give ground in the face of Ortega's advance, but is still landing more and better strikes.",FALSE,FALSE,0,0.00669285092428486,"","",NA,"Round 3","UFC-walker-zhang-23-08-2025"
"Brian Ortega (153) vs. Aljamain Sterling (153)",29,"Ortega gets through with another good leg kick, and Sterling catches his next one, hoisting the kicking leg and punching him before letting go.",FALSE,FALSE,0,0.00669285092428486,"","",NA,"Round 3","UFC-walker-zhang-23-08-2025"
"Brian Ortega (153) vs. Aljamain Sterling (153)",30,"Sterling snaps Ortega's head back with a jab, then sits him down with a calf kick.",FALSE,FALSE,0,0.00669285092428486,"","",NA,"Round 3","UFC-walker-zhang-23-08-2025"
"Brian Ortega (153) vs. Aljamain Sterling (153)",31,"Ortega pops back to his feet and lands a good low kick of his own.",FALSE,FALSE,0,0.00669285092428486,"","",NA,"Round 3","UFC-walker-zhang-23-08-2025"
"Brian Ortega (153) vs. Aljamain Sterling (153)",32,"Sterling steps forward and connects with a long jab.",FALSE,FALSE,0,0.00669285092428486,"","",NA,"Round 3","UFC-walker-zhang-23-08-2025"
"Brian Ortega (153) vs. Aljamain Sterling (153)",33,"Ortega marches Sterling to the fence but can't capitalize before he slips out the side.",FALSE,FALSE,20,0.0474258731775668,"strong_anchor","",NA,"Round 3","UFC-walker-zhang-23-08-2025"
"Brian Ortega (153) vs. Aljamain Sterling (153)",34,"Under a minute to go and Ortega is definitely the aggressor, but that shouldn't be enough to win the round in the face of the disparity in offense.",FALSE,FALSE,0,0.00669285092428486,"","",NA,"Round 3","UFC-walker-zhang-23-08-2025"
"Brian Ortega (153) vs. Aljamain Sterling (153)",35,"Ortega catches a kick but can't land anything of consequence.",FALSE,FALSE,0,0.00669285092428486,"","",NA,"Round 3","UFC-walker-zhang-23-08-2025"
"Brian Ortega (153) vs. Aljamain Sterling (153)",36,"Ortega fires off a stream of punches at the clapper, but it's Sterling who connects with a spinning back elbow.10-9 Sterling.",FALSE,FALSE,0,0.00669285092428486,"","",NA,"Round 3","UFC-walker-zhang-23-08-2025"
"Brian Ortega (153) vs. Aljamain Sterling (153)",37,"Round 4 The fourth round begins with Ortega down three to zero on our scorecard, but showing signs of life at the end of the last frame.",FALSE,FALSE,0,0.00669285092428486,"","",NA,"Round 4","UFC-walker-zhang-23-08-2025"
"Brian Ortega (153) vs. Aljamain Sterling (153)",38,"""T-City"" keeps up the pressure, stalking Sterling and trying to back him into the fence.",FALSE,FALSE,20,0.0474258731775668,"strong_anchor","",NA,"Round 4","UFC-walker-zhang-23-08-2025"
"Brian Ortega (153) vs. Aljamain Sterling (153)",39,"Sterling continues to give ground, but he is still the one landing more and harder strikes.",FALSE,FALSE,0,0.00669285092428486,"","",NA,"Round 4","UFC-walker-zhang-23-08-2025"
"Brian Ortega (153) vs. Aljamain Sterling (153)",40,"Ortega finally corrals him against the cage, but Sterling slips a couple of haymakers and makes his way back to open space.",FALSE,FALSE,20,0.0474258731775668,"strong_anchor","",NA,"Round 4","UFC-walker-zhang-23-08-2025"
"Brian Ortega (153) vs. Aljamain Sterling (153)",41,"Two minutes into the round, Ortega is game but still a step behind, as he has been for essentially the entire fight.",FALSE,FALSE,0,0.00669285092428486,"","",NA,"Round 4","UFC-walker-zhang-23-08-2025"
"Brian Ortega (153) vs. Aljamain Sterling (153)",42,"Sterling snaps his head back with a jab, then delivers another kick to Ortega's battered left calf.",FALSE,FALSE,0,0.00669285092428486,"","",NA,"Round 4","UFC-walker-zhang-23-08-2025"
"Brian Ortega (153) vs. Aljamain Sterling (153)",43,"Ortega makes things interesting, swarming forward, catching Sterling against the fence and throwing a flurry of punches with both hands.",FALSE,FALSE,20,0.0474258731775668,"strong_anchor","",NA,"Round 4","UFC-walker-zhang-23-08-2025"
"Brian Ortega (153) vs. Aljamain Sterling (153)",44,"Many of them glance, but enough of them land that Sterling has to cover and back off.",FALSE,FALSE,0,0.00669285092428486,"","",NA,"Round 4","UFC-walker-zhang-23-08-2025"
"Brian Ortega (153) vs. Aljamain Sterling (153)",45,"Ortega clinches with him against the fence, and Sterling dumps him to the canvas a moment later, settling in the jiu-jitsu ace's full guard.",FALSE,FALSE,20,0.0474258731775668,"strong_anchor","",NA,"Round 4","UFC-walker-zhang-23-08-2025"
"Brian Ortega (153) vs. Aljamain Sterling (153)",46,"Sterling is defensively sound and heavy on top, keeping his posture low while throwing short punches and looking to pass the guard.",FALSE,FALSE,0,0.00669285092428486,"","",NA,"Round 4","UFC-walker-zhang-23-08-2025"
"Brian Ortega (153) vs. Aljamain Sterling (153)",47,"He postures up and drops a couple of punches and elbows before the horn.10-9 Sterling.",FALSE,FALSE,0,0.00669285092428486,"","",NA,"Round 4","UFC-walker-zhang-23-08-2025"
"Brian Ortega (153) vs. Aljamain Sterling (153)",48,"Round 5 Ortega gets the now-or-never pep talk from his corner before the final round, and comes out hot.",FALSE,FALSE,0,0.00669285092428486,"","",NA,"Round 5","UFC-walker-zhang-23-08-2025"
"Brian Ortega (153) vs. Aljamain Sterling (153)",49,"Sterling meets him with yet another hard low kick, but he's forced to retreat in the face of Ortega's attack.",FALSE,FALSE,0,0.00669285092428486,"","",NA,"Round 5","UFC-walker-zhang-23-08-2025"
"Brian Ortega (153) vs. Aljamain Sterling (153)",50,"Ortega catches Sterling with a wide hook, his best punch of the fight, and Sterling backs off.",FALSE,FALSE,0,0.00669285092428486,"","",NA,"Round 5","UFC-walker-zhang-23-08-2025"
"Brian Ortega (153) vs. Aljamain Sterling (153)",51,"Ortega initiates a takedown, but Sterling lands in top position, in Ortega's full guard.",FALSE,FALSE,0,0.00669285092428486,"","",NA,"Round 5","UFC-walker-zhang-23-08-2025"
"Brian Ortega (153) vs. Aljamain Sterling (153)",52,"Sterling postures up to look for ground strikes, then stand up out of the guard, and as Ortega gets up, Sterling catches him with a timed, but legal, knee to the dome.",FALSE,FALSE,0,0.00669285092428486,"","",NA,"Round 5","UFC-walker-zhang-23-08-2025"
"Brian Ortega (153) vs. Aljamain Sterling (153)",53,"Ortega gets to his feet and catches Sterling with a right hand that hurts him.",FALSE,FALSE,0,0.00669285092428486,"","",NA,"Round 5","UFC-walker-zhang-23-08-2025"
"Brian Ortega (153) vs. Aljamain Sterling (153)",54,"Sterling is in retreat, trying to recover and evade further damage as Ortega gives chase.",FALSE,FALSE,0,0.00669285092428486,"","",NA,"Round 5","UFC-walker-zhang-23-08-2025"
"Brian Ortega (153) vs. Aljamain Sterling (153)",55,"He avoids the follow-up, but the strategy is so obvious that he draws a warning from Dean for timidity.",FALSE,FALSE,0,0.00669285092428486,"","",NA,"Round 5","UFC-walker-zhang-23-08-2025"
"Brian Ortega (153) vs. Aljamain Sterling (153)",56,"Ortega crashes the pocket and clinches, but as the go down, it's Sterling who takes Ortega's back.",FALSE,FALSE,0,0.00669285092428486,"","",NA,"Round 5","UFC-walker-zhang-23-08-2025"
"Brian Ortega (153) vs. Aljamain Sterling (153)",57,"Sterling sinks his hooks in and looks for a choke, but Ortega sweeps to top position.",FALSE,FALSE,0,0.00669285092428486,"","",NA,"Round 5","UFC-walker-zhang-23-08-2025"
"Brian Ortega (153) vs. Aljamain Sterling (153)",58,"Sterling sweeps him right back and throws leather from guard until the horn.10-9 Sterling (50-45 Sterling).",FALSE,FALSE,0,0.00669285092428486,"","",NA,"Round 5","UFC-walker-zhang-23-08-2025"
"Brian Ortega (153) vs. Aljamain Sterling (153)",59,"The Official Result Aljamain Sterling def.",FALSE,FALSE,0,0.00669285092428486,"","",NA,"Round 5","UFC-walker-zhang-23-08-2025"
"Brian Ortega (153) vs. Aljamain Sterling (153)",60,"Brian Ortega via Unanimous Decision (50-45, 50-45, 50-45)",FALSE,FALSE,0,0.00669285092428486,"","",NA,"Round 5","UFC-walker-zhang-23-08-2025"
"Johnny Walker (206) vs. Mingyang Zhang (205)",1,"Johnny Walker (206) vs.",FALSE,FALSE,0,0.00669285092428486,"","gate_not_started",NA,NA,"UFC-walker-zhang-23-08-2025"
"Johnny Walker (206) vs. Mingyang Zhang (205)",2,"Mingyang Zhang (205) Round 1 The moment of truth has arrived, as Zhang stakes his 12-fight win streakâthe last four in the Octagonâagainst Walker in an attempt to take a huge step towards becoming China's second UFC champion.",FALSE,FALSE,0,0.00669285092428486,"","gate_not_started",NA,"Round 1","UFC-walker-zhang-23-08-2025"
"Johnny Walker (206) vs. Mingyang Zhang (205)",3,"Walker, for his part, seeks to prove he has made strides in fight IQ and defense to go with his outlandish physical gifts and offensive arsenal.",FALSE,FALSE,0,0.00669285092428486,"","gate_not_started",NA,"Round 1","UFC-walker-zhang-23-08-2025"
"Johnny Walker (206) vs. Mingyang Zhang (205)",4,"In an eminently sensible move, Marc Goddard, the largest referee available, has pulled main event duty.",FALSE,FALSE,0,0.00669285092428486,"","",NA,"Round 1","UFC-walker-zhang-23-08-2025"
"Johnny Walker (206) vs. Mingyang Zhang (205)",5,"Zhang reaches out for a glove touch.",FALSE,FALSE,0,0.00669285092428486,"","",NA,"Round 1","UFC-walker-zhang-23-08-2025"
"Johnny Walker (206) vs. Mingyang Zhang (205)",6,"Walker trots across the cage, ducks under his foe's outstretched hand and shoots for a takedown.",FALSE,FALSE,20,0.0474258731775668,"strong_anchor","",NA,"Round 1","UFC-walker-zhang-23-08-2025"
"Johnny Walker (206) vs. Mingyang Zhang (205)",7,"It isn't terribly sporting, but more importantly it backfires, as he ends up with Zhang on top of him in his guard.",FALSE,FALSE,0,0.00669285092428486,"","",NA,"Round 1","UFC-walker-zhang-23-08-2025"
"Johnny Walker (206) vs. Mingyang Zhang (205)",8,"Zhang tries to capitalize with some elbow strikes, but Walker manages to survive the miscue with little damage.",FALSE,FALSE,0,0.00669285092428486,"","",NA,"Round 1","UFC-walker-zhang-23-08-2025"
"Johnny Walker (206) vs. Mingyang Zhang (205)",9,"Zhang lets him return to his feet and hurts him with a right hand.",FALSE,FALSE,0,0.00669285092428486,"","",NA,"Round 1","UFC-walker-zhang-23-08-2025"
"Johnny Walker (206) vs. Mingyang Zhang (205)",10,"Zhang gives chase as Walker stumbles to the fence, and is forced to back off as Walker whiffs with a huge haymaker.",FALSE,FALSE,20,0.0474258731775668,"strong_anchor","",NA,"Round 1","UFC-walker-zhang-23-08-2025"
"Johnny Walker (206) vs. Mingyang Zhang (205)",11,"Walker comes up short with a flying knee.",FALSE,FALSE,0,0.00669285092428486,"","",NA,"Round 1","UFC-walker-zhang-23-08-2025"
"Johnny Walker (206) vs. Mingyang Zhang (205)",12,"Zhang clinches and drives Walker to the fence.",FALSE,FALSE,20,0.0474258731775668,"strong_anchor","",NA,"Round 1","UFC-walker-zhang-23-08-2025"
"Johnny Walker (206) vs. Mingyang Zhang (205)",13,"Two minutes to go and they finally separate.",FALSE,FALSE,0,0.00669285092428486,"","",NA,"Round 1","UFC-walker-zhang-23-08-2025"
"Johnny Walker (206) vs. Mingyang Zhang (205)",14,"Zhang is still in pursuit, but ends up chasing the Brazilian around the cage rather than cutting angles.",FALSE,FALSE,0,0.00669285092428486,"strong_anchor","injury_eye_context|injury_stoppage",NA,"Round 1","UFC-walker-zhang-23-08-2025"
"Johnny Walker (206) vs. Mingyang Zhang (205)",15,"Walker shoots a long double-leg and Zhang snuffs it out easily.",FALSE,FALSE,0,0.00669285092428486,"","",NA,"Round 1","UFC-walker-zhang-23-08-2025"
"Johnny Walker (206) vs. Mingyang Zhang (205)",16,"Zhang rocks Walker with a big elbow inside.",FALSE,FALSE,0,0.00669285092428486,"","",NA,"Round 1","UFC-walker-zhang-23-08-2025"
"Johnny Walker (206) vs. Mingyang Zhang (205)",17,"Walker backs off and returns to sliding around the perimeter, Zhang in tow.",FALSE,FALSE,0,0.00669285092428486,"","",NA,"Round 1","UFC-walker-zhang-23-08-2025"
"Johnny Walker (206) vs. Mingyang Zhang (205)",18,"Zhang slaps a high kick off the side of Walker's head at the clapper.10-9 Zhang.",FALSE,FALSE,0,0.00669285092428486,"","",NA,"Round 1","UFC-walker-zhang-23-08-2025"
"Johnny Walker (206) vs. Mingyang Zhang (205)",19,"Round 2 Zhang is the aggressor to open Round 2, but Walker continues to move laterally, refusing to be trapped against the fence.",FALSE,FALSE,20,0.0474258731775668,"strong_anchor","",NA,"Round 2","UFC-walker-zhang-23-08-2025"
"Johnny Walker (206) vs. Mingyang Zhang (205)",20,"The pace has slowed a bit, a minute into the round, but Zhang steps forward and lands two straight right hands that make the big man stumble.",FALSE,FALSE,0,0.00669285092428486,"","",NA,"Round 2","UFC-walker-zhang-23-08-2025"
"Johnny Walker (206) vs. Mingyang Zhang (205)",21,"Walker creeps forward and meets Zhang in the center of the cage.Walker lands a hard leg kick, then another.",FALSE,FALSE,20,0.0474258731775668,"strong_anchor","",NA,"Round 2","UFC-walker-zhang-23-08-2025"
"Johnny Walker (206) vs. Mingyang Zhang (205)",22,"Zhang is in trouble, having taken some kind of serious damage from the kicks.",FALSE,FALSE,0,0.00669285092428486,"","",NA,"Round 2","UFC-walker-zhang-23-08-2025"
"Johnny Walker (206) vs. Mingyang Zhang (205)",23,"Walker connects with another low kick, but Zhang is already on his way down.",FALSE,FALSE,0,0.00669285092428486,"","",NA,"Round 2","UFC-walker-zhang-23-08-2025"
"Johnny Walker (206) vs. Mingyang Zhang (205)",24,"Walker pounces on his stricken foe, delivering some huge punches and elbows, and the suspense is suddenly over whether he will manage to get himself disqualified, as the blows rain all over Zhang's head, while he grounds and ungrounds himself.Enough legal blows get throughâand no blatantly illegal onesâthat the outcome becomes obvious to all, and Goddard moves in to halt the beating.",FALSE,FALSE,0,0.00669285092428486,"","",NA,"Round 2","UFC-walker-zhang-23-08-2025"
"Johnny Walker (206) vs. Mingyang Zhang (205)",25,"A wild end to a wild fight.",FALSE,FALSE,0,0.00669285092428486,"","",NA,"Round 2","UFC-walker-zhang-23-08-2025"
"Johnny Walker (206) vs. Mingyang Zhang (205)",26,"The Official Result Johnny Walker def.",FALSE,FALSE,0,0.00669285092428486,"","",NA,"Round 2","UFC-walker-zhang-23-08-2025"
"Johnny Walker (206) vs. Mingyang Zhang (205)",27,"Mingyang Zhang R2 2:37 via TKO (Punches and Elbows)",FALSE,FALSE,0,0.00669285092428486,"","","2:37","Round 2","UFC-walker-zhang-23-08-2025"
